,Date,Value,USD(PM)
0,2016/9/11,621.65,0.0
1,2016/9/12,609.67,0.0
2,2016/9/13,610.92,0.0
3,2016/9/14,608.82,0.0
4,2016/9/15,610.38,0.0
5,2016/9/16,609.11,0.0
6,2016/9/17,607.04,0.0
7,2016/9/18,611.58,0.0
8,2016/9/19,610.19,0.0
9,2016/9/20,608.66,0.0
10,2016/9/21,598.88,0.0
11,2016/9/22,597.42,0.0
12,2016/9/23,594.08,0.0
13,2016/9/24,603.88,0.0
14,2016/9/25,601.74,0.0
15,2016/9/26,598.98,0.0
16,2016/9/27,605.96,0.0
17,2016/9/28,605.67,0.0
18,2016/9/29,603.85,0.0
19,2016/9/30,609.39,0.0
20,2016/10/1,614.82,0.0
21,2016/10/2,612.98,0.0
22,2016/10/3,611.85,0.0
23,2016/10/4,609.62,0.0
24,2016/10/5,607.18,0.0
25,2016/10/6,612.08,0.0
26,2016/10/7,617.21,0.0
27,2016/10/8,614.74,0.0
28,2016/10/9,615.65,0.0
29,2016/10/10,617.54,0.0
30,2016/10/11,614.77,0.0
31,2016/10/12,635.01,0.0
32,2016/10/13,635.96,0.0
33,2016/10/14,634.02,0.0
34,2016/10/15,637.94,0.0
35,2016/10/16,641.42,0.0
36,2016/10/17,638.97,0.0
37,2016/10/18,636.29,0.0
38,2016/10/19,629.25,0.0
39,2016/10/20,627.72,0.0
40,2016/10/21,631.92,0.0
41,2016/10/22,655.48,0.0
42,2016/10/23,653.25,0.0
43,2016/10/24,651.39,0.0
44,2016/10/25,655.31,0.0
45,2016/10/26,651.45,0.0
46,2016/10/27,682.22,0.0
47,2016/10/28,687.68,0.0
48,2016/10/29,685.91,0.0
49,2016/10/30,698.0,0.0
50,2016/10/31,702.0,0.0
51,2016/11/1,697.01,0.0
52,2016/11/2,733.33,0.0
53,2016/11/3,686.17,0.0
54,2016/11/4,683.69,0.0
55,2016/11/5,704.79,0.0
56,2016/11/6,712.0,0.0
57,2016/11/7,709.96,0.0
58,2016/11/8,708.97,0.0
59,2016/11/9,720.93,0.0
60,2016/11/10,721.5,0.0
61,2016/11/11,715.45,0.0
62,2016/11/12,703.71,0.0
63,2016/11/13,702.28,0.0
64,2016/11/14,706.46,0.0
65,2016/11/15,710.91,0.0
66,2016/11/16,711.73,0.0
67,2016/11/17,736.96,0.0
68,2016/11/18,747.52,0.0
69,2016/11/19,748.98,0.0
70,2016/11/20,729.06,0.0
71,2016/11/21,738.53,0.0
72,2016/11/22,736.97,0.0
73,2016/11/23,741.63,0.0
74,2016/11/24,737.45,0.0
75,2016/11/25,735.64,0.0
76,2016/11/26,733.67,0.0
77,2016/11/27,727.96,0.0
78,2016/11/28,727.31,0.0
79,2016/11/29,732.71,0.0
80,2016/11/30,742.69,0.0
81,2016/12/1,742.05,0.0
82,2016/12/2,772.43,0.0
83,2016/12/3,764.33,0.0
84,2016/12/4,762.97,0.0
85,2016/12/5,754.63,0.0
86,2016/12/6,756.62,0.0
87,2016/12/7,758.99,0.0
88,2016/12/8,769.72,0.0
89,2016/12/9,770.02,0.0
90,2016/12/10,769.08,0.0
91,2016/12/11,777.0,0.0
92,2016/12/12,777.0,0.0
93,2016/12/13,777.99,0.0
94,2016/12/14,774.89,0.0
95,2016/12/15,776.75,0.0
96,2016/12/16,775.88,0.0
97,2016/12/17,788.7,0.0
98,2016/12/18,788.4,0.0
99,2016/12/19,788.67,0.0
100,2016/12/20,793.09,0.0
101,2016/12/21,824.21,0.0
102,2016/12/22,834.97,0.0
103,2016/12/23,901.31,0.0
104,2016/12/24,891.61,0.0
105,2016/12/25,892.6,0.0
106,2016/12/26,897.33,0.0
107,2016/12/27,930.37,0.0
108,2016/12/28,930.34,0.0
109,2016/12/29,963.38,0.0
110,2016/12/30,952.15,0.0
111,2016/12/31,958.12,0.0
112,2017/1/1,997.72,0.0
113,2017/1/2,1015.97,0.0
114,2017/1/3,1013.42,0.0
115,2017/1/4,1126.76,0.0
116,2017/1/5,994.67,0.0
117,2017/1/6,999.65,0.0
118,2017/1/7,896.83,0.0
119,2017/1/8,908.14,0.0
120,2017/1/9,910.49,0.0
121,2017/1/10,906.05,0.0
122,2017/1/11,785.22,0.0
123,2017/1/12,780.92,0.0
124,2017/1/13,826.29,0.0
125,2017/1/14,817.91,0.0
126,2017/1/15,819.55,0.0
127,2017/1/16,830.5,0.0
128,2017/1/17,903.84,0.0
129,2017/1/18,906.6,0.0
130,2017/1/19,895.798875,0.0
131,2017/1/20,893.6210875,0.0
132,2017/1/21,895.64,0.0
133,2017/1/22,918.603625,0.0
134,2017/1/23,922.0736125,0.0
135,2017/1/24,919.97,0.0
136,2017/1/25,893.045625,0.0
137,2017/1/26,915.95625,0.0
138,2017/1/27,915.05,0.0
139,2017/1/28,920.31225,0.0
140,2017/1/29,915.933,0.0
141,2017/1/30,912.19,0.0
142,2017/1/31,964.706075,0.0
143,2017/2/1,979.703875,0.0
144,2017/2/2,983.42,0.0
145,2017/2/3,1013.027,0.0
146,2017/2/4,1030.999413,0.0
147,2017/2/5,1034.07,0.0
148,2017/2/6,1024.01375,0.0
149,2017/2/7,1050.11,0.0
150,2017/2/8,1052.84,0.0
151,2017/2/9,976.103,0.0
152,2017/2/10,999.1035,0.0
153,2017/2/11,997.59,0.0
154,2017/2/12,1000.604625,0.0
155,2017/2/13,999.877375,0.0
156,2017/2/14,1001.2,0.0
157,2017/2/15,1012.325988,0.0
158,2017/2/16,1035.208125,0.0
159,2017/2/17,1035.2,0.0
160,2017/2/18,1056.637138,0.0
161,2017/2/19,1052.779286,0.0
162,2017/2/20,1050.87,0.0
163,2017/2/21,1123.788429,0.0
164,2017/2/22,1123.223188,0.0
165,2017/2/23,1130.01,0.0
166,2017/2/24,1174.86625,0.0
167,2017/2/25,1150.605714,0.0
168,2017/2/26,1150.37,0.0
169,2017/2/27,1190.75195,0.0
170,2017/2/28,1187.565286,0.0
171,2017/3/1,1190.89,0.0
172,2017/3/2,1259.410817,0.0
173,2017/3/3,1285.14,0.0
174,2017/3/4,1287.0,0.0
175,2017/3/5,1270.9333,0.0
176,2017/3/6,1275.197375,0.0
177,2017/3/7,1279.5,0.0
178,2017/3/8,1157.3933,0.0
179,2017/3/9,1192.469143,0.0
180,2017/3/10,1192.09,0.0
181,2017/3/11,1179.159875,0.0
182,2017/3/12,1227.494625,0.0
183,2017/3/13,1227.68,0.0
184,2017/3/14,1245.370786,0.0
185,2017/3/15,1257.399625,0.0
186,2017/3/16,1257.0,0.0
187,2017/3/17,1091.171888,0.0
188,2017/3/18,952.2323625,0.0
189,2017/3/19,967.69,0.0
190,2017/3/20,1049.084488,0.0
191,2017/3/21,1118.630043,0.0
192,2017/3/22,1113.0,0.0
193,2017/3/23,1038.789,0.0
194,2017/3/24,941.9197143,0.0
195,2017/3/25,927.93,0.0
196,2017/3/26,956.7863125,0.0
197,2017/3/27,1037.22925,0.0
198,2017/3/28,1041.04,0.0
199,2017/3/29,1040.5755,0.0
200,2017/3/30,1037.90455,0.0
201,2017/3/31,1034.74,0.0
202,2017/4/1,1086.929571,0.0
203,2017/4/2,1099.169125,0.0
204,2017/4/3,1079.99,0.0
205,2017/4/4,1141.600363,0.0
206,2017/4/5,1133.079314,0.0
207,2017/4/6,1133.53,0.0
208,2017/4/7,1190.45425,0.0
209,2017/4/8,1181.149838,0.0
210,2017/4/9,1184.03,0.0
211,2017/4/10,1207.744875,0.0
212,2017/4/11,1226.617038,0.0
213,2017/4/12,1219.09,0.0
214,2017/4/13,1180.023713,0.0
215,2017/4/14,1185.260057,0.0
216,2017/4/15,1170.36,0.0
217,2017/4/16,1186.927413,0.0
218,2017/4/17,1205.634875,0.0
219,2017/4/18,1176.97,0.0
220,2017/4/19,1217.930088,0.0
221,2017/4/20,1241.686325,0.0
222,2017/4/21,1236.63,0.0
223,2017/4/22,1261.311225,0.0
224,2017/4/23,1257.988113,0.0
225,2017/4/24,1240.84,0.0
226,2017/4/25,1279.414688,0.0
227,2017/4/26,1309.109875,0.0
228,2017/4/27,1288.02,0.0
229,2017/4/28,1331.294429,0.0
230,2017/4/29,1334.979038,0.0
231,2017/4/30,1333.0,0.0
232,2017/5/1,1417.172813,0.0
233,2017/5/2,1452.076288,0.0
234,2017/5/3,1447.55,0.0
235,2017/5/4,1508.292125,0.0
236,2017/5/5,1533.335071,0.0
237,2017/5/6,1518.75,0.0
238,2017/5/7,1535.868429,0.0
239,2017/5/8,1640.619225,0.0
240,2017/5/9,1651.1,0.0
241,2017/5/10,1762.88625,0.0
242,2017/5/11,1820.990563,0.0
243,2017/5/12,1829.0,0.0
244,2017/5/13,1771.920013,0.0
245,2017/5/14,1776.3165,0.0
246,2017/5/15,1780.0,0.0
247,2017/5/16,1739.031975,0.0
248,2017/5/17,1807.485063,0.0
249,2017/5/18,1783.98,0.0
250,2017/5/19,1961.520488,0.0
251,2017/5/20,2052.909788,0.0
252,2017/5/21,2008.84,0.0
253,2017/5/22,2090.662313,0.0
254,2017/5/23,2287.710288,0.0
255,2017/5/24,2256.32,0.0
256,2017/5/25,2387.206286,0.0
257,2017/5/26,2211.976857,0.0
258,2017/5/27,2279.82,0.0
259,2017/5/28,2192.9808,0.0
260,2017/5/29,2275.9307,0.0
261,2017/5/30,2290.02,0.0
262,2017/5/31,2285.933914,0.0
263,2017/6/1,2399.242671,0.0
264,2017/6/2,2409.93,0.0
265,2017/6/3,2525.765158,0.0
266,2017/6/4,2516.173143,0.0
267,2017/6/5,2529.53,0.0
268,2017/6/6,2883.313697,0.0
269,2017/6/7,2664.920863,0.0
270,2017/6/8,2683.03,0.0
271,2017/6/9,2827.4913,0.0
272,2017/6/10,2845.372857,0.0
273,2017/6/11,2898.63,0.0
274,2017/6/12,2657.675063,0.0
275,2017/6/13,2748.185086,0.0
276,2017/6/14,2706.0,0.0
277,2017/6/15,2442.48025,0.0
278,2017/6/16,2464.959814,0.0
279,2017/6/17,2477.94,0.0
280,2017/6/18,2507.389252,0.0
281,2017/6/19,2617.210263,0.0
282,2017/6/20,2600.0,0.0
283,2017/6/21,2671.04325,0.0
284,2017/6/22,2727.288013,0.0
285,2017/6/23,2713.48,0.0
286,2017/6/24,2589.164888,0.0
287,2017/6/25,2512.366286,0.0
288,2017/6/26,2502.03,0.0
289,2017/6/27,2517.903114,0.0
290,2017/6/28,2585.349186,0.0
291,2017/6/29,2558.3,0.0
292,2017/6/30,2477.641375,0.0
293,2017/7/1,2501.191343,0.0
294,2017/7/2,2421.26,0.0
295,2017/7/3,2561.225429,0.0
296,2017/7/4,2599.729838,0.0
297,2017/7/5,2598.89,0.0
298,2017/7/6,2609.96775,0.0
299,2017/7/7,2491.201214,0.0
300,2017/7/8,2502.86,0.0
301,2017/7/9,2536.238938,0.0
302,2017/7/10,2366.170143,0.0
303,2017/7/11,2327.09,0.0
304,2017/7/12,2385.748571,0.0
305,2017/7/13,2354.783417,0.0
306,2017/7/14,2338.49,0.0
307,2017/7/15,2058.9956,0.0
308,2017/7/16,1931.2143,0.0
309,2017/7/17,1910.96,0.0
310,2017/7/18,2320.12225,0.0
311,2017/7/19,2264.7657,0.0
312,2017/7/20,2265.21,0.0
313,2017/7/21,2682.195363,0.0
314,2017/7/22,2807.609857,0.0
315,2017/7/23,2825.51,0.0
316,2017/7/24,2751.821029,0.0
317,2017/7/25,2560.997917,0.0
318,2017/7/26,2564.3,0.0
319,2017/7/27,2647.625,0.0
320,2017/7/28,2781.636583,0.0
321,2017/7/29,2784.8,0.0
322,2017/7/30,2745.955417,0.0
323,2017/7/31,2866.431667,0.0
324,2017/8/1,2862.9,0.0
325,2017/8/2,2693.633983,0.0
326,2017/8/3,2794.117717,0.0
327,2017/8/4,2790.0,0.0
328,2017/8/5,3218.115017,0.0
329,2017/8/6,3252.562533,0.0
330,2017/8/7,3210.2,0.0
331,2017/8/8,3457.374333,0.0
332,2017/8/9,3357.326317,0.0
333,2017/8/10,3340.28,0.0
334,2017/8/11,3632.506667,0.0
335,2017/8/12,3852.802914,0.0
336,2017/8/13,3868.52,0.0
337,2017/8/14,4282.992,0.0
338,2017/8/15,4217.028329,0.0
339,2017/8/16,4179.97,0.0
340,2017/8/17,4328.725717,0.0
341,2017/8/18,4130.440067,0.0
342,2017/8/19,4104.71,0.0
343,2017/8/20,4157.958033,0.0
344,2017/8/21,4043.722,0.0
345,2017/8/22,3986.28,0.0
346,2017/8/23,4174.95,0.0
347,2017/8/24,4340.316717,0.0
348,2017/8/25,4331.77,0.0
349,2017/8/26,4360.513317,0.0
350,2017/8/27,4354.308333,0.0
351,2017/8/28,4339.05,0.0
352,2017/8/29,4607.98545,0.0
353,2017/8/30,4594.98785,0.0
354,2017/8/31,4582.52,0.0
355,2017/9/1,4911.740017,0.0
356,2017/9/2,4580.38748,0.0
357,2017/9/3,4585.57,0.0
358,2017/9/4,4344.098317,0.0
359,2017/9/5,4488.72014,0.0
360,2017/9/6,4385.02,0.0
361,2017/9/7,4654.6585,0.0
362,2017/9/8,4310.750183,0.0
363,2017/9/9,4312.26,0.0
364,2017/9/10,4329.955,0.0
365,2017/9/11,4248.090017,0.0
366,2017/9/12,4198.59,0.0
367,2017/9/13,3961.271267,0.0
368,2017/9/14,3319.63,0.0
369,2017/9/15,3216.43,0.0
370,2017/9/16,3763.62604,0.0
371,2017/9/17,3746.060783,0.0
372,2017/9/18,3678.53,0.0
373,2017/9/19,3943.413333,0.0
374,2017/9/20,3977.561667,0.0
375,2017/9/21,3894.48,0.0
376,2017/9/22,3637.50255,0.0
377,2017/9/23,3776.3869,0.0
378,2017/9/24,3777.62,0.0
379,2017/9/25,3942.555,0.0
380,2017/9/26,3910.307383,0.0
381,2017/9/27,3881.0,0.0
382,2017/9/28,4201.98905,0.0
383,2017/9/29,4193.574667,0.0
384,2017/9/30,4164.27,0.0
385,2017/10/1,4360.722967,0.0
386,2017/10/2,4386.88375,0.0
387,2017/10/3,4394.07,0.0
388,2017/10/4,4225.175,0.0
389,2017/10/5,4338.852,0.0
390,2017/10/6,4318.58,0.0
391,2017/10/7,4376.191667,0.0
392,2017/10/8,4602.280883,0.0
393,2017/10/9,4605.66,0.0
394,2017/10/10,4782.28,0.0
395,2017/10/11,4819.485767,0.0
396,2017/10/12,4822.17,0.0
397,2017/10/13,5563.806567,0.0
398,2017/10/14,5739.438733,0.0
399,2017/10/15,5825.99,0.0
400,2017/10/16,5711.205867,0.0
401,2017/10/17,5603.71294,0.0
402,2017/10/18,5594.66,0.0
403,2017/10/19,5727.6335,0.0
404,2017/10/20,5979.45984,0.0
405,2017/10/21,5986.44,0.0
406,2017/10/22,5983.18455,0.0
407,2017/10/23,5876.079867,0.0
408,2017/10/24,5900.59,0.0
409,2017/10/25,5669.622533,0.0
410,2017/10/26,5893.138417,0.0
411,2017/10/27,5889.82,0.0
412,2017/10/28,5776.69695,0.0
413,2017/10/29,6155.43402,0.0
414,2017/10/30,6136.49,0.0
415,2017/10/31,6388.645167,0.0
416,2017/11/1,6665.306683,0.0
417,2017/11/2,6751.98,0.0
418,2017/11/3,7197.72006,0.0
419,2017/11/4,7437.543317,0.0
420,2017/11/5,7365.99,0.0
421,2017/11/6,6989.071667,0.0
422,2017/11/7,7092.127233,0.0
423,2017/11/8,7128.64,0.0
424,2017/11/9,7158.03706,0.0
425,2017/11/10,6719.39785,0.0
426,2017/11/11,6569.22,0.0
427,2017/11/12,5716.301583,0.0
428,2017/11/13,6550.227533,0.0
429,2017/11/14,6493.63,0.0
430,2017/11/15,7301.42992,0.0
431,2017/11/16,7815.0307,0.0
432,2017/11/17,7868.77,0.0
433,2017/11/18,7817.140383,0.0
434,2017/11/19,8007.654067,0.0
435,2017/11/20,8049.72,0.0
436,2017/11/21,8059.8,0.0
437,2017/11/22,8268.035,0.0
438,2017/11/23,8236.72,0.0
439,2017/11/24,8250.978333,0.0
440,2017/11/25,8707.407267,0.0
441,2017/11/26,8768.8,0.0
442,2017/11/27,9718.29505,0.0
443,2017/11/28,9952.50882,0.0
444,2017/11/29,9919.0,0.0
445,2017/11/30,10147.372,0.0
446,2017/12/1,10883.912,0.0
447,2017/12/2,10879.88,0.0
448,2017/12/3,11332.622,0.0
449,2017/12/4,11584.83,0.0
450,2017/12/5,11591.22,0.0
451,2017/12/6,13540.98,0.0
452,2017/12/7,16501.97167,0.0
453,2017/12/8,16860.88,0.0
454,2017/12/9,15142.83415,0.0
455,2017/12/10,14869.805,0.0
456,2017/12/11,15068.95,0.0
457,2017/12/12,17276.39333,0.0
458,2017/12/13,16808.36667,0.0
459,2017/12/14,16252.31,0.0
460,2017/12/15,17771.9,0.0
461,2017/12/16,19498.68333,0.0
462,2017/12/17,19279.9,0.0
463,2017/12/18,18961.85667,0.0
464,2017/12/19,17737.11167,0.0
465,2017/12/20,17382.94,0.0
466,2017/12/21,16047.51,0.0
467,2017/12/22,15190.945,0.0
468,2017/12/23,13776.61,0.0
469,2017/12/24,13949.175,0.0
470,2017/12/25,14119.02833,0.0
471,2017/12/26,13740.94,0.0
472,2017/12/27,15589.32167,0.0
473,2017/12/28,14380.58167,0.0
474,2017/12/29,14214.01,0.0
475,2017/12/30,13215.574,0.0
476,2017/12/31,14165.575,0.0
477,2018/1/1,13796.0,0.0
478,2018/1/2,15005.85667,0.0
479,2018/1/3,15053.26167,0.0
480,2018/1/4,15039.24,0.0
481,2018/1/5,17174.12,0.0
482,2018/1/6,17319.198,0.0
483,2018/1/7,17155.95,0.0
484,2018/1/8,15265.90667,0.0
485,2018/1/9,14714.25333,0.0
486,2018/1/10,14437.42,0.0
487,2018/1/11,13296.794,0.0
488,2018/1/12,13912.882,0.0
489,2018/1/13,13791.19,0.0
490,2018/1/14,13852.92,0.0
491,2018/1/15,14012.196,0.0
492,2018/1/16,13554.14,0.0
493,2018/1/17,11116.94667,0.0
494,2018/1/18,11345.42333,0.0
495,2018/1/19,11174.82,0.0
496,2018/1/20,12950.79333,0.0
497,2018/1/21,11505.228,0.0
498,2018/1/22,11513.42,0.0
499,2018/1/23,11223.064,0.0
500,2018/1/24,11282.25833,0.0
501,2018/1/25,11392.03,0.0
502,2018/1/26,10969.815,0.0
503,2018/1/27,11524.77667,0.0
504,2018/1/28,11431.37,0.0
505,2018/1/29,11212.655,0.0
506,2018/1/30,10184.06167,0.0
507,2018/1/31,10082.52,0.0
508,2018/2/1,9083.258333,0.0
509,2018/2/2,8901.901667,0.0
510,2018/2/3,8852.73,0.0
511,2018/2/4,8400.648333,0.0
512,2018/2/5,6838.816667,0.0
513,2018/2/6,6925.46,0.0
514,2018/2/7,8099.958333,0.0
515,2018/2/8,8240.536667,0.0
516,2018/2/9,8245.08,0.0
517,2018/2/10,8319.876566,0.0
518,2018/2/11,8343.455,0.0
519,2018/2/12,8068.02,0.0
520,2018/2/13,8597.7675,0.0
521,2018/2/14,9334.633333,0.0
522,2018/2/15,9471.64,0.0
523,2018/2/16,10127.16167,0.0
524,2018/2/17,10841.99167,0.0
525,2018/2/18,11085.83,0.0
526,2018/2/19,11110.965,0.0
527,2018/2/20,11390.39167,0.0
528,2018/2/21,11245.98,0.0
529,2018/2/22,9931.071667,0.0
530,2018/2/23,10162.11667,0.0
531,2018/2/24,10171.3,0.0
532,2018/2/25,9696.593333,0.0
533,2018/2/26,10348.60333,0.0
534,2018/2/27,10319.46,0.0
535,2018/2/28,10370.165,0.0
536,2018/3/1,11009.38167,0.0
537,2018/3/2,10931.12,0.0
538,2018/3/3,11326.94833,0.0
539,2018/3/4,11430.18167,0.0
540,2018/3/5,11516.83,0.0
541,2018/3/6,10763.19833,0.0
542,2018/3/7,10118.058,0.0
543,2018/3/8,9920.46,0.0
544,2018/3/9,9089.278333,0.0
545,2018/3/10,8746.002,0.0
546,2018/3/11,8777.37,0.0
547,2018/3/12,9182.843333,0.0
548,2018/3/13,9154.7,0.0
549,2018/3/14,9153.54,0.0
550,2018/3/15,8358.121667,0.0
551,2018/3/16,8530.402,0.0
552,2018/3/17,8297.89,0.0
553,2018/3/18,8171.415,0.0
554,2018/3/19,8412.033333,0.0
555,2018/3/20,8605.64,0.0
556,2018/3/21,8947.753333,0.0
557,2018/3/22,8690.408333,0.0
558,2018/3/23,8725.37,0.0
559,2018/3/24,8662.378333,0.0
560,2018/3/25,8617.296667,0.0
561,2018/3/26,8457.96,0.0
562,2018/3/27,7876.195,0.0
563,2018/3/28,7960.38,0.0
564,2018/3/29,7950.61,0.0
565,2018/3/30,6882.531667,0.0
566,2018/3/31,6935.48,0.0
567,2018/4/1,6937.56,0.0
568,2018/4/2,7035.848333,0.0
569,2018/4/3,7410.435,0.0
570,2018/4/4,7426.48,0.0
571,2018/4/5,6826.51,0.0
572,2018/4/6,6603.876667,0.0
573,2018/4/7,6634.68,0.0
574,2018/4/8,7017.656667,0.0
575,2018/4/9,6699.273333,0.0
576,2018/4/10,6784.41,0.0
577,2018/4/11,6926.266667,0.0
578,2018/4/12,7847.845,0.0
579,2018/4/13,7941.46,0.0
580,2018/4/14,8036.511051,0.0
581,2018/4/15,8340.748333,0.0
582,2018/4/16,8368.1,0.0
583,2018/4/17,7895.416926,0.0
584,2018/4/18,8164.937426,0.0
585,2018/4/19,8175.96,0.0
586,2018/4/20,8852.718333,0.0
587,2018/4/21,8807.205,0.0
588,2018/4/22,8930.6,0.0
589,2018/4/23,8933.861667,0.0
590,2018/4/24,9555.542,0.0
591,2018/4/25,9658.11,0.0
592,2018/4/26,9258.398333,0.0
593,2018/4/27,9010.32,0.0
594,2018/4/28,8928.55,0.0
595,2018/4/29,9334.281667,0.0
596,2018/4/30,9259.57,0.0
597,2018/5/1,9239.55,0.0
598,2018/5/2,9221.426,0.0
599,2018/5/3,9639.268333,0.0
600,2018/5/4,9753.35,0.0
601,2018/5/5,9803.306667,0.0
602,2018/5/6,9630.136277,0.0
603,2018/5/7,9631.44,0.0
604,2018/5/8,9228.608333,0.0
605,2018/5/9,9322.041667,0.0
606,2018/5/10,9310.37,0.0
607,2018/5/11,8468.788,0.0
608,2018/5/12,8484.346667,0.0
609,2018/5/13,8463.52,0.0
610,2018/5/14,8652.038333,0.0
611,2018/5/15,8511.458,0.0
612,2018/5/16,8471.06,0.0
613,2018/5/17,8106.118333,0.0
614,2018/5/18,8240.055,0.0
615,2018/5/19,8239.08,0.0
616,2018/5/20,8507.406667,0.0
617,2018/5/21,8385.556187,0.0
618,2018/5/22,8396.63,0.0
619,2018/5/23,7555.74,0.0
620,2018/5/24,7566.193333,0.0
621,2018/5/25,7576.78,0.0
622,2018/5/26,7342.908333,0.0
623,2018/5/27,7361.831667,0.0
624,2018/5/28,7344.56,0.0
625,2018/5/29,7459.876667,0.0
626,2018/5/30,7385.395,0.0
627,2018/5/31,7386.72,0.0
628,2018/6/1,7535.146667,0.0
629,2018/6/2,7645.146667,0.0
630,2018/6/3,7637.14,0.0
631,2018/6/4,7500.273333,0.0
632,2018/6/5,7615.722142,0.0
633,2018/6/6,7619.43,0.0
634,2018/6/7,7676.271667,0.0
635,2018/6/8,7620.153333,0.0
636,2018/6/9,7615.54,0.0
637,2018/6/10,6776.888333,0.0
638,2018/6/11,6875.678333,0.0
639,2018/6/12,6879.31,0.0
640,2018/6/13,6315.7,0.0
641,2018/6/14,6647.013333,0.0
642,2018/6/15,6637.41,0.0
643,2018/6/16,6509.426667,0.0
644,2018/6/17,6464.411667,0.0
645,2018/6/18,6445.79,0.0
646,2018/6/19,6737.0,0.0
647,2018/6/20,6714.718333,0.0
648,2018/6/21,6760.83,0.0
649,2018/6/22,6332.573333,0.0
650,2018/6/23,6141.605833,0.0
651,2018/6/24,6170.46,0.0
652,2018/6/25,6211.4475,0.0
653,2018/6/26,6218.595,0.0
654,2018/6/27,6097.46,0.0
655,2018/6/28,6107.896154,0.0
656,2018/6/29,5908.7025,0.0
657,2018/6/30,6223.28,0.0
658,2018/7/1,6374.754167,0.0
659,2018/7/2,6466.069167,0.0
660,2018/7/3,6626.44,0.0
661,2018/7/4,6593.289167,0.0
662,2018/7/5,6603.376667,0.0
663,2018/7/6,6555.51,0.0
664,2018/7/7,6594.281667,0.0
665,2018/7/8,6753.559167,0.0
666,2018/7/9,6724.04,0.0
667,2018/7/10,6510.791667,0.0
668,2018/7/11,6377.363333,0.0
669,2018/7/12,6403.18,0.0
670,2018/7/13,6244.3575,0.0
671,2018/7/14,6241.0,0.0
672,2018/7/15,6248.84,0.0
673,2018/7/16,6514.390833,0.0
674,2018/7/17,6869.910833,0.0
675,2018/7/18,7321.62,0.0
676,2018/7/19,7396.401667,0.0
677,2018/7/20,7428.045,0.0
678,2018/7/21,7334.99,0.0
679,2018/7/22,7451.289167,0.0
680,2018/7/23,7689.884167,0.0
681,2018/7/24,7715.1,0.0
682,2018/7/25,8251.165,0.0
683,2018/7/26,8187.324167,0.0
684,2018/7/27,7939.81,0.0
685,2018/7/28,8182.251667,0.0
686,2018/7/29,8206.341667,0.0
687,2018/7/30,8220.91,0.0
688,2018/7/31,7916.800833,0.0
689,2018/8/1,7570.869167,0.0
690,2018/8/2,7607.7,0.0
691,2018/8/3,7394.499167,0.0
692,2018/8/4,7247.769167,0.0
693,2018/8/5,7011.28,0.0
694,2018/8/6,6988.079167,0.0
695,2018/8/7,6993.513333,0.0
696,2018/8/8,6718.23,0.0
697,2018/8/9,6396.7725,0.0
698,2018/8/10,6396.494667,0.0
699,2018/8/11,6138.96,0.0
700,2018/8/12,6311.131667,0.0
701,2018/8/13,6347.07,0.0
702,2018/8/14,6252.13,0.0
703,2018/8/15,6362.676923,0.0
704,2018/8/16,6342.629231,0.0
705,2018/8/17,6312.75,0.0
706,2018/8/18,6436.720833,0.0
707,2018/8/19,6404.063333,0.0
708,2018/8/20,6486.58,0.0
709,2018/8/21,6401.246154,0.0
710,2018/8/22,6575.229167,0.0
711,2018/8/23,6354.57,0.0
712,2018/8/24,6543.645714,0.0
713,2018/8/25,6719.429231,0.0
714,2018/8/26,6738.27,0.0
715,2018/8/27,6719.266154,0.0
716,2018/8/28,7000.04,0.0
717,2018/8/29,7078.19,0.0
718,2018/8/30,6932.6625,0.0
719,2018/8/31,6981.946154,0.0
720,2018/9/1,7018.78,0.0
721,2018/9/2,7247.935385,0.0
722,2018/9/3,7260.949231,0.0
723,2018/9/4,7265.08,0.0
724,2018/9/5,7113.069231,0.0
725,2018/9/6,6433.271667,0.0
726,2018/9/7,6501.19,0.0
727,2018/9/8,6366.1075,0.0
728,2018/9/9,6286.425833,0.0
729,2018/9/10,6240.98,0.0
730,2018/9/11,6296.320833,0.0
731,2018/9/12,6273.1375,0.0
732,2018/9/13,6326.04,0.0
733,2018/9/14,6499.0625,0.0
734,2018/9/15,6518.655,0.0
735,2018/9/16,6522.39,0.0
736,2018/9/17,6400.600833,0.0
737,2018/9/18,6296.631667,0.0
738,2018/9/19,6342.39,0.0
739,2018/9/20,6418.562667,0.0
740,2018/9/21,6669.990833,0.0
741,2018/9/22,6756.12,0.0
742,2018/9/23,6710.445,0.0
743,2018/9/24,6639.304167,0.0
744,2018/9/25,6583.45,0.0
745,2018/9/26,6468.631667,0.0
746,2018/9/27,6535.476667,0.0
747,2018/9/28,6686.08,0.0
748,2018/9/29,6550.474167,0.0
749,2018/9/30,6593.135,0.0
750,2018/10/1,6611.02,0.0
751,2018/10/2,6562.641667,0.0
752,2018/10/3,6470.4025,0.0
753,2018/10/4,6483.73,0.0
754,2018/10/5,6568.549167,0.0
755,2018/10/6,6581.486667,0.0
756,2018/10/7,6573.62,0.0
757,2018/10/8,6618.567692,0.0
758,2018/10/9,6621.711667,0.0
759,2018/10/10,6626.85,0.0
760,2018/10/11,6248.635833,0.0
761,2018/10/12,6260.530833,0.0
762,2018/10/13,6247.0,0.0
763,2018/10/14,6299.399167,0.0
764,2018/10/15,6452.571667,0.0
765,2018/10/16,6599.17,0.0
766,2018/10/17,6596.276154,0.0
767,2018/10/18,6568.040769,0.0
768,2018/10/19,6509.61,0.0
769,2018/10/20,6488.825833,0.0
770,2018/10/21,6531.601667,0.0
771,2018/10/22,6504.78,0.0
772,2018/10/23,6481.426,0.0
773,2018/10/24,6508.31,0.0
774,2018/10/25,6489.77,0.0
775,2018/10/26,6473.753333,0.0
776,2018/10/27,6465.9175,0.0
777,2018/10/28,6457.21,0.0
778,2018/10/29,6382.668333,0.0
779,2018/10/30,6309.452857,0.0
780,2018/10/31,6301.61,0.0
781,2018/11/1,6342.280833,0.0
782,2018/11/2,6387.674167,0.0
783,2018/11/3,6390.42,0.0
784,2018/11/4,6391.873333,0.0
785,2018/11/5,6436.965,0.0
786,2018/11/6,6437.76,0.0
787,2018/11/7,6538.79,0.0
788,2018/11/8,6486.251667,0.0
789,2018/11/9,6444.97,0.0
790,2018/11/10,6399.033333,0.0
791,2018/11/11,6378.268333,0.0
792,2018/11/12,6408.53,0.0
793,2018/11/13,6372.063333,0.0
794,2018/11/14,6176.155,0.0
795,2018/11/15,5756.77,0.0
796,2018/11/16,5596.1925,0.0
797,2018/11/17,5558.243333,0.0
798,2018/11/18,5572.44,0.0
799,2018/11/19,5303.9425,0.0
800,2018/11/20,4671.97,0.0
801,2018/11/21,4491.98,0.0
802,2018/11/22,4548.7975,0.0
803,2018/11/23,4309.3375,0.0
804,2018/11/24,4352.98,0.0
805,2018/11/25,3823.511667,0.0
806,2018/11/26,3920.536667,0.0
807,2018/11/27,3793.35,0.0
808,2018/11/28,4103.453846,0.0
809,2018/11/29,4263.783333,0.0
810,2018/11/30,4278.77,0.0
811,2018/12/1,4116.7775,0.0
812,2018/12/2,4167.546667,0.0
813,2018/12/3,4140.6,0.0
814,2018/12/4,3961.493333,0.0
815,2018/12/5,3858.349167,0.0
816,2018/12/6,3744.98,0.0
817,2018/12/7,3405.643333,0.0
818,2018/12/8,3435.34,0.0
819,2018/12/9,3453.66,0.0
820,2018/12/10,3523.96,0.0
821,2018/12/11,3426.19,0.0
822,2018/12/12,3407.28,0.0
823,2018/12/13,3406.7625,0.0
824,2018/12/14,3278.374167,0.0
825,2018/12/15,3242.42,0.0
826,2018/12/16,3271.238333,0.0
827,2018/12/17,3392.405,0.0
828,2018/12/18,3556.54,0.0
829,2018/12/19,3808.0425,0.0
830,2018/12/20,3982.850833,0.0
831,2018/12/21,4135.19,0.0
832,2018/12/22,3910.973333,0.0
833,2018/12/23,4027.478333,0.0
834,2018/12/24,3995.17,0.0
835,2018/12/25,3813.88,0.0
836,2018/12/26,3825.379167,0.0
837,2018/12/27,3848.21,0.0
838,2018/12/28,3743.905,0.0
839,2018/12/29,3912.285833,0.0
840,2018/12/30,3770.36,0.0
841,2018/12/31,3791.545833,0.0
842,2019/1/1,3752.271667,0.0
843,2019/1/2,3855.88,0.0
844,2019/1/3,3865.7975,0.0
845,2019/1/4,3822.626667,0.0
846,2019/1/5,3856.62,0.0
847,2019/1/6,3920.456667,0.0
848,2019/1/7,4036.093333,0.0
849,2019/1/8,4032.25,0.0
850,2019/1/9,4034.138333,0.0
851,2019/1/10,3812.585833,0.0
852,2019/1/11,3646.25,0.0
853,2019/1/12,3646.345833,0.0
854,2019/1/13,3599.841667,0.0
855,2019/1/14,3531.96,0.0
856,2019/1/15,3656.785,0.0
857,2019/1/16,3621.270833,0.0
858,2019/1/17,3621.43,0.0
859,2019/1/18,3632.395,0.0
860,2019/1/19,3690.523333,0.0
861,2019/1/20,3703.98,0.0
862,2019/1/21,3548.4275,0.0
863,2019/1/22,3540.02,0.0
864,2019/1/23,3587.35,0.0
865,2019/1/24,3566.4,0.0
866,2019/1/25,3586.25,0.0
867,2019/1/26,3577.79,0.0
868,2019/1/27,3576.3,0.0
869,2019/1/28,3554.5,0.0
870,2019/1/29,3448.58,0.0
871,2019/1/30,3421.6,0.0
872,2019/1/31,3470.0,0.0
873,2019/2/1,3444.81,0.0
874,2019/2/2,3475.33,0.0
875,2019/2/3,3506.22,0.0
876,2019/2/4,3456.02,0.0
877,2019/2/5,3452.35,0.0
878,2019/2/6,3467.34,0.0
879,2019/2/7,3405.7,0.0
880,2019/2/8,3394.76,0.0
881,2019/2/9,3661.08,0.0
882,2019/2/10,3664.38,0.0
883,2019/2/11,3686.29,0.0
884,2019/2/12,3629.47,0.0
885,2019/2/13,3632.42,0.0
886,2019/2/14,3614.5,0.0
887,2019/2/15,3600.31,0.0
888,2019/2/16,3608.2,0.0
889,2019/2/17,3619.55,0.0
890,2019/2/18,3670.74,0.0
891,2019/2/19,3910.8,0.0
892,2019/2/20,3926.53,0.0
893,2019/2/21,3987.18,0.0
894,2019/2/22,3944.88,0.0
895,2019/2/23,3983.48,0.0
896,2019/2/24,4139.6,0.0
897,2019/2/25,3766.89,0.0
898,2019/2/26,3848.33,0.0
899,2019/2/27,3831.45,0.0
900,2019/2/28,3833.23,0.0
901,2019/3/1,3850.08,0.0
902,2019/3/2,3834.62,0.0
903,2019/3/3,3831.44,0.0
904,2019/3/4,3814.58,0.0
905,2019/3/5,3730.98,0.0
906,2019/3/6,3872.25,0.0
907,2019/3/7,3876.85,0.0
908,2019/3/8,3886.82,0.0
909,2019/3/9,3875.96,0.0
910,2019/3/10,3950.56,0.0
911,2019/3/11,3928.17,0.0
912,2019/3/12,3881.09,0.0
913,2019/3/13,3892.51,0.0
914,2019/3/14,3877.77,0.0
915,2019/3/15,3885.21,0.0
916,2019/3/16,3936.5,0.0
917,2019/3/17,4015.95,0.0
918,2019/3/18,3994.92,0.0
919,2019/3/19,3998.77,0.0
920,2019/3/20,4029.11,0.0
921,2019/3/21,4056.4,0.0
922,2019/3/22,3992.34,0.0
923,2019/3/23,3999.06,0.0
924,2019/3/24,4011.92,0.0
925,2019/3/25,3994.11,0.0
926,2019/3/26,3935.89,0.0
927,2019/3/27,3947.74,0.0
928,2019/3/28,4048.51,0.0
929,2019/3/29,4037.37,0.0
930,2019/3/30,4115.55,0.0
931,2019/3/31,4114.44,0.0
932,2019/4/1,4114.16,0.0
933,2019/4/2,4152.53,0.0
934,2019/4/3,4882.88,0.0
935,2019/4/4,4959.81,0.0
936,2019/4/5,4911.24,0.0
937,2019/4/6,5028.77,0.0
938,2019/4/7,5053.52,0.0
939,2019/4/8,5189.39,0.0
940,2019/4/9,5268.71,0.0
941,2019/4/10,5175.81,0.0
942,2019/4/11,5310.18,0.0
943,2019/4/12,5035.02,0.0
944,2019/4/13,5072.85,0.0
945,2019/4/14,5064.62,0.0
946,2019/4/15,5152.51,0.0
947,2019/4/16,5036.18,0.0
948,2019/4/17,5196.65,0.0
949,2019/4/18,5220.37,0.0
950,2019/4/19,5276.31,0.0
951,2019/4/20,5277.04,0.0
952,2019/4/21,5309.28,0.0
953,2019/4/22,5281.83,0.0
954,2019/4/23,5377.19,0.0
955,2019/4/24,5518.16,0.0
956,2019/4/25,5434.19,0.0
957,2019/4/26,5195.61,0.0
958,2019/4/27,5292.83,0.0
959,2019/4/28,5280.19,0.0
960,2019/4/29,5301.29,0.0
961,2019/4/30,5260.65,0.0
962,2019/5/1,5269.79,0.0
963,2019/5/2,5326.67,0.0
964,2019/5/3,5390.16,0.0
965,2019/5/4,5657.14,0.0
966,2019/5/5,5771.08,0.0
967,2019/5/6,5717.66,0.0
968,2019/5/7,5684.47,0.0
969,2019/5/8,5755.72,0.0
970,2019/5/9,5936.72,0.0
971,2019/5/10,6146.91,0.0
972,2019/5/11,6348.02,0.0
973,2019/5/12,7248.31,0.0
974,2019/5/13,6978.63,0.0
975,2019/5/14,7823.11,0.0
976,2019/5/15,7992.69,0.0
977,2019/5/16,8206.9,0.0
978,2019/5/17,7885.96,0.0
979,2019/5/18,7362.22,0.0
980,2019/5/19,7265.05,0.0
981,2019/5/20,8193.7,0.0
982,2019/5/21,8007.03,0.0
983,2019/5/22,7952.5,0.0
984,2019/5/23,7625.93,0.0
985,2019/5/24,7880.29,0.0
986,2019/5/25,8003.26,0.0
987,2019/5/26,8071.45,0.0
988,2019/5/27,8744.42,0.0
989,2019/5/28,8770.06,0.0
990,2019/5/29,8719.88,0.0
991,2019/5/30,8662.98,0.0
992,2019/5/31,8272.46,0.0
993,2019/6/1,8553.81,0.0
994,2019/6/2,8554.8,0.0
995,2019/6/3,8739.03,0.0
996,2019/6/4,8134.92,0.0
997,2019/6/5,7675.8,0.0
998,2019/6/6,7786.04,0.0
999,2019/6/7,7803.23,0.0
1000,2019/6/8,7998.29,0.0
1001,2019/6/9,7931.34,0.0
1002,2019/6/10,7640.61,0.0
1003,2019/6/11,8020.38,0.0
1004,2019/6/12,7917.58,0.0
1005,2019/6/13,8173.06,0.0
1006,2019/6/14,8237.88,0.0
1007,2019/6/15,8693.6,0.0
1008,2019/6/16,8859.47,0.0
1009,2019/6/17,8978.99,0.0
1010,2019/6/18,9327.48,0.0
1011,2019/6/19,9076.18,0.0
1012,2019/6/20,9281.7,0.0
1013,2019/6/21,9531.35,0.0
1014,2019/6/22,10209.38,0.0
1015,2019/6/23,10668.63,0.0
1016,2019/6/24,10814.48,0.0
1017,2019/6/25,11017.5,0.0
1018,2019/6/26,11766.4,0.0
1019,2019/6/27,12932.55,0.0
1020,2019/6/28,11132.85,0.0
1021,2019/6/29,12374.35,0.0
1022,2019/6/30,11890.38,0.0
1023,2019/7/1,10737.73,0.0
1024,2019/7/2,10578.72,0.0
1025,2019/7/3,10805.4,0.0
1026,2019/7/4,11984.76,0.0
1027,2019/7/5,11160.49,0.0
1028,2019/7/6,10955.16,0.0
1029,2019/7/7,11232.04,0.0
1030,2019/7/8,11477.01,0.0
1031,2019/7/9,12313.08,0.0
1032,2019/7/10,12586.78,0.0
1033,2019/7/11,12099.9,0.0
1034,2019/7/12,11352.87,0.0
1035,2019/7/13,11803.97,0.0
1036,2019/7/14,11389.1,0.0
1037,2019/7/15,10186.96,0.0
1038,2019/7/16,10873.5,0.0
1039,2019/7/17,9397.72,0.0
1040,2019/7/18,9674.28,0.0
1041,2019/7/19,10638.56,0.0
1042,2019/7/20,10535.75,0.0
1043,2019/7/21,10764.9,0.0
1044,2019/7/22,10587.41,0.0
1045,2019/7/23,10323.62,0.0
1046,2019/7/24,9844.3,0.0
1047,2019/7/25,9772.17,0.0
1048,2019/7/26,9875.17,0.0
1049,2019/7/27,9848.65,0.0
1050,2019/7/28,9473.99,0.0
1051,2019/7/29,9530.0,0.0
1052,2019/7/30,9501.33,0.0
1053,2019/7/31,9589.13,0.0
1054,2019/8/1,10084.7,0.0
1055,2019/8/2,10407.17,0.0
1056,2019/8/3,10529.55,0.0
1057,2019/8/4,10814.57,0.0
1058,2019/8/5,10980.23,0.0
1059,2019/8/6,11787.99,0.0
1060,2019/8/7,11465.67,0.0
1061,2019/8/8,11960.82,0.0
1062,2019/8/9,11996.41,0.0
1063,2019/8/10,11856.64,0.0
1064,2019/8/11,11282.22,0.0
1065,2019/8/12,11566.84,0.0
1066,2019/8/13,11386.26,0.0
1067,2019/8/14,10858.12,0.0
1068,2019/8/15,10016.96,0.0
1069,2019/8/16,10302.17,0.0
1070,2019/8/17,10359.44,0.0
1071,2019/8/18,10214.52,0.0
1072,2019/8/19,10317.6,0.0
1073,2019/8/20,10917.26,0.0
1074,2019/8/21,10760.56,0.0
1075,2019/8/22,10129.4,0.0
1076,2019/8/23,10111.98,0.0
1077,2019/8/24,10405.81,0.0
1078,2019/8/25,10143.8,0.0
1079,2019/8/26,10135.06,0.0
1080,2019/8/27,10360.28,0.0
1081,2019/8/28,10171.95,0.0
1082,2019/8/29,9717.82,0.0
1083,2019/8/30,9484.55,0.0
1084,2019/8/31,9577.99,0.0
1085,2019/9/1,9600.9,0.0
1086,2019/9/2,9769.79,0.0
1087,2019/9/3,10386.64,0.0
1088,2019/9/4,10621.29,0.0
1089,2019/9/5,10584.16,0.0
1090,2019/9/6,10577.8,0.0
1091,2019/9/7,10317.47,0.0
1092,2019/9/8,10487.21,0.0
1093,2019/9/9,10406.31,0.0
1094,2019/9/10,10313.66,0.0
1095,2019/9/11,10101.03,0.0
1096,2019/9/12,10159.32,0.0
1097,2019/9/13,10420.16,0.0
1098,2019/9/14,10363.9,0.0
1099,2019/9/15,10361.33,0.0
1100,2019/9/16,10310.43,0.0
1101,2019/9/17,10265.63,0.0
1102,2019/9/18,10190.36,0.0
1103,2019/9/19,10157.59,0.0
1104,2019/9/20,10275.88,0.0
1105,2019/9/21,10173.11,0.0
1106,2019/9/22,9979.49,0.0
1107,2019/9/23,10033.05,0.0
1108,2019/9/24,9683.38,0.0
1109,2019/9/25,8553.61,0.0
1110,2019/9/26,8432.23,0.0
1111,2019/9/27,8055.64,0.0
1112,2019/9/28,8193.9,0.0
1113,2019/9/29,8225.0,0.0
1114,2019/9/30,8056.74,0.0
1115,2019/10/1,8307.74,0.0
1116,2019/10/2,8322.92,0.0
1117,2019/10/3,8382.03,0.0
1118,2019/10/4,8236.17,0.0
1119,2019/10/5,8155.48,0.0
1120,2019/10/6,8147.69,0.0
1121,2019/10/7,7869.74,0.0
1122,2019/10/8,8212.02,0.0
1123,2019/10/9,8190.0,0.0
1124,2019/10/10,8587.92,0.0
1125,2019/10/11,8586.9,0.0
1126,2019/10/12,8269.73,0.0
1127,2019/10/13,8308.01,0.0
1128,2019/10/14,8283.76,0.0
1129,2019/10/15,8353.54,0.0
1130,2019/10/16,8162.16,0.0
1131,2019/10/17,8002.51,0.0
1132,2019/10/18,8076.78,0.0
1133,2019/10/19,7954.15,0.0
1134,2019/10/20,7960.04,0.0
1135,2019/10/21,8231.06,0.0
1136,2019/10/22,8222.52,0.0
1137,2019/10/23,8026.76,0.0
1138,2019/10/24,7469.56,0.0
1139,2019/10/25,7431.88,0.0
1140,2019/10/26,8666.79,0.0
1141,2019/10/27,9259.8,0.0
1142,2019/10/28,9551.54,0.0
1143,2019/10/29,9218.76,0.0
1144,2019/10/30,9433.35,0.0
1145,2019/10/31,9164.62,0.0
1146,2019/11/1,9147.98,0.0
1147,2019/11/2,9252.99,0.0
1148,2019/11/3,9301.18,0.0
1149,2019/11/4,9206.16,0.0
1150,2019/11/5,9418.05,0.0
1151,2019/11/6,9310.19,0.0
1152,2019/11/7,9343.34,0.0
1153,2019/11/8,9204.24,0.0
1154,2019/11/9,8766.04,0.0
1155,2019/11/10,8809.41,0.0
1156,2019/11/11,9037.12,0.0
1157,2019/11/12,8717.81,0.0
1158,2019/11/13,8801.52,0.0
1159,2019/11/14,8762.42,0.0
1160,2019/11/15,8632.32,0.0
1161,2019/11/16,8457.69,0.0
1162,2019/11/17,8482.7,0.0
1163,2019/11/18,8503.93,0.0
1164,2019/11/19,8175.99,0.0
1165,2019/11/20,8120.8,0.0
1166,2019/11/21,8081.81,0.0
1167,2019/11/22,7617.07,0.0
1168,2019/11/23,7286.35,0.0
1169,2019/11/24,7324.03,0.0
1170,2019/11/25,6907.4,0.0
1171,2019/11/26,7130.25,0.0
1172,2019/11/27,7163.63,0.0
1173,2019/11/28,7523.83,0.0
1174,2019/11/29,7431.0,0.0
1175,2019/11/30,7757.47,0.0
1176,2019/12/1,7557.72,0.0
1177,2019/12/2,7402.69,0.0
1178,2019/12/3,7309.59,0.0
1179,2019/12/4,7296.77,0.0
1180,2019/12/5,7192.85,0.0
1181,2019/12/6,7395.97,0.0
1182,2019/12/7,7547.19,0.0
1183,2019/12/8,7504.83,0.0
1184,2019/12/9,7522.39,0.0
1185,2019/12/10,7337.42,0.0
1186,2019/12/11,7220.76,0.0
1187,2019/12/12,7202.31,0.0
1188,2019/12/13,7189.16,0.0
1189,2019/12/14,7251.87,0.0
1190,2019/12/15,7067.74,0.0
1191,2019/12/16,7111.14,0.0
1192,2019/12/17,6879.54,0.0
1193,2019/12/18,6612.12,0.0
1194,2019/12/19,7284.29,0.0
1195,2019/12/20,7150.86,0.0
1196,2019/12/21,7190.17,0.0
1197,2019/12/22,7143.2,0.0
1198,2019/12/23,7514.41,0.0
1199,2019/12/24,7322.08,0.0
1200,2019/12/25,7250.69,0.0
1201,2019/12/26,7192.72,0.0
1202,2019/12/27,7194.4,0.0
1203,2019/12/28,7243.93,0.0
1204,2019/12/29,7301.07,0.0
1205,2019/12/30,7385.36,0.0
1206,2019/12/31,7219.6,0.0
1207,2020/1/1,7168.31,0.0
1208,2020/1/2,7175.68,0.0
1209,2020/1/3,6944.33,0.0
1210,2020/1/4,7326.35,0.0
1211,2020/1/5,7347.89,0.0
1212,2020/1/6,7351.57,0.0
1213,2020/1/7,7759.24,0.0
1214,2020/1/8,8165.47,0.0
1215,2020/1/9,8042.65,0.0
1216,2020/1/10,7817.92,0.0
1217,2020/1/11,8184.66,0.0
1218,2020/1/12,8021.49,0.0
1219,2020/1/13,8173.97,0.0
1220,2020/1/14,8105.24,0.0
1221,2020/1/15,8842.42,0.0
1222,2020/1/16,8813.89,0.0
1223,2020/1/17,8722.03,0.0
1224,2020/1/18,8900.34,0.0
1225,2020/1/19,8910.85,0.0
1226,2020/1/20,8703.36,0.0
1227,2020/1/21,8626.47,0.0
1228,2020/1/22,8722.26,0.0
1229,2020/1/23,8658.94,0.0
1230,2020/1/24,8388.11,0.0
1231,2020/1/25,8428.17,0.0
1232,2020/1/26,8327.36,0.0
1233,2020/1/27,8588.42,0.0
1234,2020/1/28,8895.78,0.0
1235,2020/1/29,9385.69,0.0
1236,2020/1/30,9279.81,0.0
1237,2020/1/31,9502.37,0.0
1238,2020/2/1,9333.77,0.0
1239,2020/2/2,9378.09,0.0
1240,2020/2/3,9314.56,0.0
1241,2020/2/4,9162.14,0.0
1242,2020/2/5,9162.14,0.0
1243,2020/2/6,9614.9,0.0
1244,2020/2/7,9755.66,0.0
1245,2020/2/8,9807.54,0.0
1246,2020/2/9,9907.12,0.0
1247,2020/2/10,10162.41,0.0
1248,2020/2/11,9854.79,0.0
1249,2020/2/12,10275.38,0.0
1250,2020/2/13,10354.3,0.0
1251,2020/2/14,10242.43,0.0
1252,2020/2/15,10368.53,0.0
1253,2020/2/16,9904.17,0.0
1254,2020/2/17,9937.67,0.0
1255,2020/2/18,9703.93,9703.93
1256,2020/2/19,10180.65,10180.65
1257,2020/2/20,9604.72,9604.72
1258,2020/2/21,9606.86,9606.86
1259,2020/2/22,9696.58,9696.58
1260,2020/2/23,9669.63,9669.63
1261,2020/2/24,9989.39,9989.39
1262,2020/2/25,9663.75,9663.75
1263,2020/2/26,9309.15,9309.15
1264,2020/2/27,8785.52,8785.52
1265,2020/2/28,8804.72,8804.72
1266,2020/2/29,8712.35,8712.35
1267,2020/3/1,8534.17,8534.17
1268,2020/3/2,8912.82,8912.82
1269,2020/3/3,8912.82,8912.82
1270,2020/3/4,8754.34,8754.34
1271,2020/3/5,8758.9,8758.9
1272,2020/3/6,9067.39,9067.39
1273,2020/3/7,9155.89,9155.89
1274,2020/3/8,8898.63,8898.63
1275,2020/3/9,8039.38,8039.38
1276,2020/3/10,7931.94,7931.94
1277,2020/3/11,7885.46,7885.46
1278,2020/3/12,7936.65,7936.65
1279,2020/3/13,4830.21,4830.21
1280,2020/3/14,5609.03,5609.03
1281,2020/3/15,5166.26,5166.26
1282,2020/3/16,5348.44,5348.44
1283,2020/3/17,5026.35,5026.35
1284,2020/3/18,5357.61,5357.61
1285,2020/3/19,5410.23,5410.23
1286,2020/3/20,6195.2,6195.2
1287,2020/3/21,6226.44,6226.44
1288,2020/3/22,6189.85,6189.85
1289,2020/3/23,5822.62,5822.62
1290,2020/3/24,6502.16,6502.16
1291,2020/3/25,6768.49,6768.49
1292,2020/3/26,6698.46,6698.46
1293,2020/3/27,6763.75,6763.75
1294,2020/3/28,6369.09,6369.09
1295,2020/3/29,6260.95,6260.95
1296,2020/3/30,5885.41,5885.41
1297,2020/3/31,6405.29,6405.29
1298,2020/4/1,6428.28,6428.28
1299,2020/4/2,6652.87,6652.87
1300,2020/4/3,6809.11,6809.11
1301,2020/4/4,6741.67,6741.67
1302,2020/4/5,6871.69,6871.69
1303,2020/4/6,6777.44,6777.44
1304,2020/4/7,7343.2,7343.2
1305,2020/4/8,7205.55,7205.55
1306,2020/4/9,7365.03,7365.03
1307,2020/4/10,7293.69,7293.69
1308,2020/4/11,6873.24,6873.24
1309,2020/4/12,6891.6,6891.6
1310,2020/4/13,6915.37,6915.37
1311,2020/4/14,6857.66,6857.66
1312,2020/4/15,6871.95,6871.95
1313,2020/4/16,6623.8,6623.8
1314,2020/4/17,7112.27,7112.27
1315,2020/4/18,7034.89,7034.89
1316,2020/4/19,7259.36,7259.36
1317,2020/4/20,7130.04,7130.04
1318,2020/4/21,6840.24,6840.24
1319,2020/4/22,6852.52,6852.52
1320,2020/4/23,7130.99,7130.99
1321,2020/4/24,7477.6,7477.6
1322,2020/4/25,7507.08,7507.08
1323,2020/4/26,7549.52,7549.52
1324,2020/4/27,7699.27,7699.27
1325,2020/4/28,7790.66,7790.66
1326,2020/4/29,7765.33,7765.33
1327,2020/4/30,8777.63,8777.63
1328,2020/5/1,8628.77,8628.77
1329,2020/5/2,8824.66,8824.66
1330,2020/5/3,8973.82,8973.82
1331,2020/5/4,8903.95,8903.95
1332,2020/5/5,8885.93,8885.93
1333,2020/5/6,9030.96,9030.96
1334,2020/5/7,9170.79,9170.79
1335,2020/5/8,10002.48,10002.48
1336,2020/5/9,9821.8,9821.8
1337,2020/5/10,9527.39,9527.39
1338,2020/5/11,8754.46,8754.46
1339,2020/5/12,8617.25,8617.25
1340,2020/5/13,8814.53,8814.53
1341,2020/5/14,9305.93,9305.93
1342,2020/5/15,9790.31,9790.31
1343,2020/5/16,9303.59,9303.59
1344,2020/5/17,9385.7,9385.7
1345,2020/5/18,9669.4,9669.4
1346,2020/5/19,9719.37,9719.37
1347,2020/5/20,9785.74,9785.74
1348,2020/5/21,9510.67,9510.67
1349,2020/5/22,9057.57,9057.57
1350,2020/5/23,9167.26,9167.26
1351,2020/5/24,9178.32,9178.32
1352,2020/5/25,8730.73,8730.73
1353,2020/5/26,8899.66,8899.66
1354,2020/5/27,8842.85,8842.85
1355,2020/5/28,9197.54,9197.54
1356,2020/5/29,9569.21,9569.21
1357,2020/5/30,9425.98,9425.98
1358,2020/5/31,9698.1,9698.1
1359,2020/6/1,9450.84,9450.84
1360,2020/6/2,10204.23,10204.23
1361,2020/6/3,9525.57,9525.57
1362,2020/6/4,9658.04,9658.04
1363,2020/6/5,9794.56,9794.56
1364,2020/6/6,9623.75,9623.75
1365,2020/6/7,9670.43,9670.43
1366,2020/6/8,9753.85,9753.85
1367,2020/6/9,9782.59,9782.59
1368,2020/6/10,9775.15,9775.15
1369,2020/6/11,9892.13,9892.13
1370,2020/6/12,9286.42,9286.42
1371,2020/6/13,9459.97,9459.97
1372,2020/6/14,9473.5,9473.5
1373,2020/6/15,9330.07,9330.07
1374,2020/6/16,9426.7,9426.7
1375,2020/6/17,9526.0,9526.0
1376,2020/6/18,9454.81,9454.81
1377,2020/6/19,9380.03,9380.03
1378,2020/6/20,9300.15,9300.15
1379,2020/6/21,9357.43,9357.43
1380,2020/6/22,9284.78,9284.78
1381,2020/6/23,9691.9,9691.9
1382,2020/6/24,9621.49,9621.49
1383,2020/6/25,9276.58,9276.58
1384,2020/6/26,9240.85,9240.85
1385,2020/6/27,9154.45,9154.45
1386,2020/6/28,9004.23,9004.23
1387,2020/6/29,9127.47,9127.47
1388,2020/6/30,9185.35,9185.35
1389,2020/7/1,9133.97,9133.97
1390,2020/7/2,9236.38,9236.38
1391,2020/7/3,9087.98,9087.98
1392,2020/7/4,9072.42,9072.42
1393,2020/7/5,9131.31,9131.31
1394,2020/7/6,9089.09,9089.09
1395,2020/7/7,9348.91,9348.91
1396,2020/7/8,9256.23,9256.23
1397,2020/7/9,9440.07,9440.07
1398,2020/7/10,9238.04,9238.04
1399,2020/7/11,9287.4,9287.4
1400,2020/7/12,9235.96,9235.96
1401,2020/7/13,9295.9,9295.9
1402,2020/7/14,9238.13,9238.13
1403,2020/7/15,9254.52,9254.52
1404,2020/7/16,9193.51,9193.51
1405,2020/7/17,9131.0,9131.0
1406,2020/7/18,9154.19,9154.19
1407,2020/7/19,9174.71,9174.71
1408,2020/7/20,9214.66,9214.66
1409,2020/7/21,9163.87,9163.87
1410,2020/7/22,9392.66,9392.66
1411,2020/7/23,9537.4,9537.4
1412,2020/7/24,9613.11,9613.11
1413,2020/7/25,9551.28,9551.28
1414,2020/7/26,9707.5,9707.5
1415,2020/7/27,9938.83,9938.83
1416,2020/7/28,11042.4,11042.4
1417,2020/7/29,10934.94,10934.94
1418,2020/7/30,11102.67,11102.67
1419,2020/7/31,11114.93,11114.93
1420,2020/8/1,11343.88,11343.88
1421,2020/8/2,11823.69,11823.69
1422,2020/8/3,11077.77,11077.77
1423,2020/8/4,11242.57,11242.57
1424,2020/8/5,11194.25,11194.25
1425,2020/8/6,11750.28,11750.28
1426,2020/8/7,11772.94,11772.94
1427,2020/8/8,11605.6,11605.6
1428,2020/8/9,11767.6,11767.6
1429,2020/8/10,11684.06,11684.06
1430,2020/8/11,11893.03,11893.03
1431,2020/8/12,11392.43,11392.43
1432,2020/8/13,11573.11,11573.11
1433,2020/8/14,11777.43,11777.43
1434,2020/8/15,11774.38,11774.38
1435,2020/8/16,11873.98,11873.98
1436,2020/8/17,11914.01,11914.01
1437,2020/8/18,12293.72,12293.72
1438,2020/8/19,11969.53,11969.53
1439,2020/8/20,11734.0,11734.0
1440,2020/8/21,11865.82,11865.82
1441,2020/8/22,11522.8,11522.8
1442,2020/8/23,11683.44,11683.44
1443,2020/8/24,11653.02,11653.02
1444,2020/8/25,11763.93,11763.93
1445,2020/8/26,11337.4,11337.4
1446,2020/8/27,11467.37,11467.37
1447,2020/8/28,11302.01,11302.01
1448,2020/8/29,11534.75,11534.75
1449,2020/8/30,11481.64,11481.64
1450,2020/8/31,11707.78,11707.78
1451,2020/9/1,11659.57,11659.57
1452,2020/9/2,11923.25,11923.25
1453,2020/9/3,11397.44,11397.44
1454,2020/9/4,10187.51,10187.51
1455,2020/9/5,10467.89,10467.89
1456,2020/9/6,10159.62,10159.62
1457,2020/9/7,10254.93,10254.93
1458,2020/9/8,10367.74,10367.74
1459,2020/9/9,10121.52,10121.52
1460,2020/9/10,10227.83,10227.83
1461,2020/9/11,10352.66,10352.66
1462,2020/9/12,10395.44,10395.44
1463,2020/9/13,10446.44,10446.44
1464,2020/9/14,10330.77,10330.77
1465,2020/9/15,10674.64,10674.64
1466,2020/9/16,10785.62,10785.62
1467,2020/9/17,10948.43,10948.43
1468,2020/9/18,10943.89,10943.89
1469,2020/9/19,10931.79,10931.79
1470,2020/9/20,11081.43,11081.43
1471,2020/9/21,10919.65,10919.65
1472,2020/9/22,10430.46,10430.46
1473,2020/9/23,10532.22,10532.22
1474,2020/9/24,10234.48,10234.48
1475,2020/9/25,10732.43,10732.43
1476,2020/9/26,10692.84,10692.84
1477,2020/9/27,10732.4,10732.4
1478,2020/9/28,10774.24,10774.24
1479,2020/9/29,10692.33,10692.33
1480,2020/9/30,10840.8,10840.8
1481,2020/10/1,10777.92,10777.92
1482,2020/10/2,10619.24,10619.24
1483,2020/10/3,10575.06,10575.06
1484,2020/10/4,10551.77,10551.77
1485,2020/10/5,10673.46,10673.46
1486,2020/10/6,10788.56,10788.56
1487,2020/10/7,10603.74,10603.74
1488,2020/10/8,10670.8,10670.8
1489,2020/10/9,10923.3,10923.3
1490,2020/10/10,11063.19,11063.19
1491,2020/10/11,11302.67,11302.67
1492,2020/10/12,11376.61,11376.61
1493,2020/10/13,11540.04,11540.04
1494,2020/10/14,11428.24,11428.24
1495,2020/10/15,11431.32,11431.32
1496,2020/10/16,11503.73,11503.73
1497,2020/10/17,11327.57,11327.57
1498,2020/10/18,11366.51,11366.51
1499,2020/10/19,11508.2,11508.2
1500,2020/10/20,11758.16,11758.16
1501,2020/10/21,11925.46,11925.46
1502,2020/10/22,12831.56,12831.56
1503,2020/10/23,12990.25,12990.25
1504,2020/10/24,12944.52,12944.52
1505,2020/10/25,13128.46,13128.46
1506,2020/10/26,13036.77,13036.77
1507,2020/10/27,13076.37,13076.37
1508,2020/10/28,13651.47,13651.47
1509,2020/10/29,13289.0,13289.0
1510,2020/10/30,13458.66,13458.66
1511,2020/10/31,13564.72,13564.72
1512,2020/11/1,13810.32,13810.32
1513,2020/11/2,13758.88,13758.88
1514,2020/11/3,13575.17,13575.17
1515,2020/11/4,14023.31,14023.31
1516,2020/11/5,14155.59,14155.59
1517,2020/11/6,15591.39,15591.39
1518,2020/11/7,15595.77,15595.77
1519,2020/11/8,14839.84,14839.84
1520,2020/11/9,15490.6,15490.6
1521,2020/11/10,15328.53,15328.53
1522,2020/11/11,15317.04,15317.04
1523,2020/11/12,15708.65,15708.65
1524,2020/11/13,16295.57,16295.57
1525,2020/11/14,16339.33,16339.33
1526,2020/11/15,16091.07,16091.07
1527,2020/11/16,15968.16,15968.16
1528,2020/11/17,16725.15,16725.15
1529,2020/11/18,17679.72,17679.72
1530,2020/11/19,17798.45,17798.45
1531,2020/11/20,17820.57,17820.57
1532,2020/11/21,18687.45,18687.45
1533,2020/11/22,18699.75,18699.75
1534,2020/11/23,18422.28,18422.28
1535,2020/11/24,18398.91,18398.91
1536,2020/11/25,19172.52,19172.52
1537,2020/11/26,18739.8,18739.8
1538,2020/11/27,17151.44,17151.44
1539,2020/11/28,17138.87,17138.87
1540,2020/11/29,17732.42,17732.42
1541,2020/11/30,18191.6,18191.6
1542,2020/12/1,19709.73,19709.73
1543,2020/12/2,18792.52,18792.52
1544,2020/12/3,19226.97,19226.97
1545,2020/12/4,19454.54,19454.54
1546,2020/12/5,18670.49,18670.49
1547,2020/12/6,19155.06,19155.06
1548,2020/12/7,19377.66,19377.66
1549,2020/12/8,19181.41,19181.41
1550,2020/12/9,18318.87,18318.87
1551,2020/12/10,18554.15,18554.15
1552,2020/12/11,18247.76,18247.76
1553,2020/12/12,18029.36,18029.36
1554,2020/12/13,18803.44,18803.44
1555,2020/12/14,19164.48,19164.48
1556,2020/12/15,19276.59,19276.59
1557,2020/12/16,19439.75,19439.75
1558,2020/12/17,21379.48,21379.48
1559,2020/12/18,22847.46,22847.46
1560,2020/12/19,23150.79,23150.79
1561,2020/12/20,23869.92,23869.92
1562,2020/12/21,23490.58,23490.58
1563,2020/12/22,22745.48,22745.48
1564,2020/12/23,23824.99,23824.99
1565,2020/12/24,23253.37,23253.37
1566,2020/12/25,23715.53,23715.53
1567,2020/12/26,24693.58,24693.58
1568,2020/12/27,26443.21,26443.21
1569,2020/12/28,26246.58,26246.58
1570,2020/12/29,27036.69,27036.69
1571,2020/12/30,27376.37,27376.37
1572,2020/12/31,28856.59,28856.59
1573,2021/1/1,28982.56,28982.56
1574,2021/1/2,29393.75,29393.75
1575,2021/1/3,32195.46,32195.46
1576,2021/1/4,33000.78,33000.78
1577,2021/1/5,32035.03,32035.03
1578,2021/1/6,34046.67,34046.67
1579,2021/1/7,36860.41,36860.41
1580,2021/1/8,39486.04,39486.04
1581,2021/1/9,40670.25,40670.25
1582,2021/1/10,40240.72,40240.72
1583,2021/1/11,38240.09,38240.09
1584,2021/1/12,35544.94,35544.94
1585,2021/1/13,34011.82,34011.82
1586,2021/1/14,37393.13,37393.13
1587,2021/1/15,39158.47,39158.47
1588,2021/1/16,36828.52,36828.52
1589,2021/1/17,36065.2,36065.2
1590,2021/1/18,35793.01,35793.01
1591,2021/1/19,36632.35,36632.35
1592,2021/1/20,36020.13,36020.13
1593,2021/1/21,35538.98,35538.98
1594,2021/1/22,30797.88,30797.88
1595,2021/1/23,33002.38,33002.38
1596,2021/1/24,32099.74,32099.74
1597,2021/1/25,32276.84,32276.84
1598,2021/1/26,32243.26,32243.26
1599,2021/1/27,32541.8,32541.8
1600,2021/1/28,30419.17,30419.17
1601,2021/1/29,33403.17,33403.17
1602,2021/1/30,34314.26,34314.26
1603,2021/1/31,34318.1,34318.1
1604,2021/2/1,33136.46,33136.46
1605,2021/2/2,33522.9,33522.9
1606,2021/2/3,35529.66,35529.66
1607,2021/2/4,37676.25,37676.25
1608,2021/2/5,37002.09,37002.09
1609,2021/2/6,38278.61,38278.61
1610,2021/2/7,39323.26,39323.26
1611,2021/2/8,38928.1,38928.1
1612,2021/2/9,46364.3,46364.3
1613,2021/2/10,46589.58,46589.58
1614,2021/2/11,44878.17,44878.17
1615,2021/2/12,48013.38,48013.38
1616,2021/2/13,47471.4,47471.4
1617,2021/2/14,47185.19,47185.19
1618,2021/2/15,48720.37,48720.37
1619,2021/2/16,47951.85,47951.85
1620,2021/2/17,49160.1,49160.1
1621,2021/2/18,52118.23,52118.23
1622,2021/2/19,51608.15,51608.15
1623,2021/2/20,55916.5,55916.5
1624,2021/2/21,56001.2,56001.2
1625,2021/2/22,57487.86,57487.86
1626,2021/2/23,54123.4,54123.4
1627,2021/2/24,48880.43,48880.43
1628,2021/2/25,50624.84,50624.84
1629,2021/2/26,46800.42,46800.42
1630,2021/2/27,46340.31,46340.31
1631,2021/2/28,46155.87,46155.87
1632,2021/3/1,45113.92,45113.92
1633,2021/3/2,49618.43,49618.43
1634,2021/3/3,48356.04,48356.04
1635,2021/3/4,50477.7,50477.7
1636,2021/3/5,48448.91,48448.91
1637,2021/3/6,48861.38,48861.38
1638,2021/3/7,48881.59,48881.59
1639,2021/3/8,51169.7,51169.7
1640,2021/3/9,52299.33,52299.33
1641,2021/3/10,54881.52,54881.52
1642,2021/3/11,55997.23,55997.23
1643,2021/3/12,57764.0,57764.0
1644,2021/3/13,57253.28,57253.28
1645,2021/3/14,61258.73,61258.73
1646,2021/3/15,59133.47,59133.47
1647,2021/3/16,55754.72,55754.72
1648,2021/3/17,56872.38,56872.38
1649,2021/3/18,58913.0,58913.0
1650,2021/3/19,57665.9,57665.9
1651,2021/3/20,58075.1,58075.1
1652,2021/3/21,58085.8,58085.8
1653,2021/3/22,57411.17,57411.17
1654,2021/3/23,54204.96,54204.96
1655,2021/3/24,54477.46,54477.46
1656,2021/3/25,52508.23,52508.23
1657,2021/3/26,51415.92,51415.92
1658,2021/3/27,55074.47,55074.47
1659,2021/3/28,55863.93,55863.93
1660,2021/3/29,55783.71,55783.71
1661,2021/3/30,57627.67,57627.67
1662,2021/3/31,58730.13,58730.13
1663,2021/4/1,58735.25,58735.25
1664,2021/4/2,58736.92,58736.92
1665,2021/4/3,59031.32,59031.32
1666,2021/4/4,57076.49,57076.49
1667,2021/4/5,58206.55,58206.55
1668,2021/4/6,59054.1,59054.1
1669,2021/4/7,58020.46,58020.46
1670,2021/4/8,55947.27,55947.27
1671,2021/4/9,58048.59,58048.59
1672,2021/4/10,58102.58,58102.58
1673,2021/4/11,59774.0,59774.0
1674,2021/4/12,59964.87,59964.87
1675,2021/4/13,59834.74,59834.74
1676,2021/4/14,63554.44,63554.44
1677,2021/4/15,62969.12,62969.12
1678,2021/4/16,63252.63,63252.63
1679,2021/4/17,61455.98,61455.98
1680,2021/4/18,60087.09,60087.09
1681,2021/4/19,56251.48,56251.48
1682,2021/4/20,55703.14,55703.14
1683,2021/4/21,56507.91,56507.91
1684,2021/4/22,53808.8,53808.8
1685,2021/4/23,51731.71,51731.71
1686,2021/4/24,51153.13,51153.13
1687,2021/4/25,50110.53,50110.53
1688,2021/4/26,49075.58,49075.58
1689,2021/4/27,54056.64,54056.64
1690,2021/4/28,55071.46,55071.46
1691,2021/4/29,54884.1,54884.1
1692,2021/4/30,53584.15,53584.15
1693,2021/5/1,57796.62,57796.62
1694,2021/5/2,57857.5,57857.5
1695,2021/5/3,56610.46,56610.46
1696,2021/5/4,57213.33,57213.33
1697,2021/5/5,53241.72,53241.72
1698,2021/5/6,57473.23,57473.23
1699,2021/5/7,56428.16,56428.16
1700,2021/5/8,57380.27,57380.27
1701,2021/5/9,58928.81,58928.81
1702,2021/5/10,58280.73,58280.73
1703,2021/5/11,55883.5,55883.5
1704,2021/5/12,56750.0,56750.0
1705,2021/5/13,49007.09,49007.09
1706,2021/5/14,49702.27,49702.27
1707,2021/5/15,49922.52,49922.52
1708,2021/5/16,46736.58,46736.58
1709,2021/5/17,46441.64,46441.64
1710,2021/5/18,43596.24,43596.24
1711,2021/5/19,42912.19,42912.19
1712,2021/5/20,36964.27,36964.27
1713,2021/5/21,40784.32,40784.32
1714,2021/5/22,37280.35,37280.35
1715,2021/5/23,37528.3,37528.3
1716,2021/5/24,34754.54,34754.54
1717,2021/5/25,38728.59,38728.59
1718,2021/5/26,38410.5,38410.5
1719,2021/5/27,39266.04,39266.04
1720,2021/5/28,38445.29,38445.29
1721,2021/5/29,35689.62,35689.62
1722,2021/5/30,34647.67,34647.67
1723,2021/5/31,35684.59,35684.59
1724,2021/6/1,37310.54,37310.54
1725,2021/6/2,36662.64,36662.64
1726,2021/6/3,37585.24,37585.24
1727,2021/6/4,39188.59,39188.59
1728,2021/6/5,36885.51,36885.51
1729,2021/6/6,35530.38,35530.38
1730,2021/6/7,35816.17,35816.17
1731,2021/6/8,33514.87,33514.87
1732,2021/6/9,33450.19,33450.19
1733,2021/6/10,37338.36,37338.36
1734,2021/6/11,36704.57,36704.57
1735,2021/6/12,37313.18,37313.18
1736,2021/6/13,35494.9,35494.9
1737,2021/6/14,39066.82,39066.82
1738,2021/6/15,40525.8,40525.8
1739,2021/6/16,40188.56,40188.56
1740,2021/6/17,38324.87,38324.87
1741,2021/6/18,38068.04,38068.04
1742,2021/6/19,35729.82,35729.82
1743,2021/6/20,35524.17,35524.17
1744,2021/6/21,35592.35,35592.35
1745,2021/6/22,31686.55,31686.55
1746,2021/6/23,32447.59,32447.59
1747,2021/6/24,33674.66,33674.66
1748,2021/6/25,34639.38,34639.38
1749,2021/6/26,31640.58,31640.58
1750,2021/6/27,32160.91,32160.91
1751,2021/6/28,34644.45,34644.45
1752,2021/6/29,34456.67,34456.67
1753,2021/6/30,35847.7,35847.7
1754,2021/7/1,35047.36,35047.36
1755,2021/7/2,33536.88,33536.88
1756,2021/7/3,33856.86,33856.86
1757,2021/7/4,34688.98,34688.98
1758,2021/7/5,35309.3,35309.3
1759,2021/7/6,33747.97,33747.97
1760,2021/7/7,34211.01,34211.01
1761,2021/7/8,33839.04,33839.04
1762,2021/7/9,32877.41,32877.41
1763,2021/7/10,33818.52,33818.52
1764,2021/7/11,33515.57,33515.57
1765,2021/7/12,34227.64,34227.64
1766,2021/7/13,33158.25,33158.25
1767,2021/7/14,32686.56,32686.56
1768,2021/7/15,32814.61,32814.61
1769,2021/7/16,31738.59,31738.59
1770,2021/7/17,31421.25,31421.25
1771,2021/7/18,31520.66,31520.66
1772,2021/7/19,31783.49,31783.49
1773,2021/7/20,30815.94,30815.94
1774,2021/7/21,29790.24,29790.24
1775,2021/7/22,32118.06,32118.06
1776,2021/7/23,32297.89,32297.89
1777,2021/7/24,33581.63,33581.63
1778,2021/7/25,34279.34,34279.34
1779,2021/7/26,35365.2,35365.2
1780,2021/7/27,37318.14,37318.14
1781,2021/7/28,39405.95,39405.95
1782,2021/7/29,40002.53,40002.53
1783,2021/7/30,40005.93,40005.93
1784,2021/7/31,42214.15,42214.15
1785,2021/8/1,41659.06,41659.06
1786,2021/8/2,40000.46,40000.46
1787,2021/8/3,39193.94,39193.94
1788,2021/8/4,38138.0,38138.0
1789,2021/8/5,39750.14,39750.14
1790,2021/8/6,40882.0,40882.0
1791,2021/8/7,42825.95,42825.95
1792,2021/8/8,44634.13,44634.13
1793,2021/8/9,43816.14,43816.14
1794,2021/8/10,46333.46,46333.46
1795,2021/8/11,45608.37,45608.37
1796,2021/8/12,45611.46,45611.46
1797,2021/8/13,44417.78,44417.78
1798,2021/8/14,47833.98,47833.98
1799,2021/8/15,47112.19,47112.19
1800,2021/8/16,47056.41,47056.41
1801,2021/8/17,45982.55,45982.55
1802,2021/8/18,44648.57,44648.57
1803,2021/8/19,44777.86,44777.86
1804,2021/8/20,46734.65,46734.65
1805,2021/8/21,49327.75,49327.75
1806,2021/8/22,48932.02,48932.02
1807,2021/8/23,49335.68,49335.68
1808,2021/8/24,49523.5,49523.5
1809,2021/8/25,47744.58,47744.58
1810,2021/8/26,48972.09,48972.09
1811,2021/8/27,46962.8,46962.8
1812,2021/8/28,49056.86,49056.86
1813,2021/8/29,48897.65,48897.65
1814,2021/8/30,48806.78,48806.78
1815,2021/8/31,47074.77,47074.77
1816,2021/9/1,47155.87,47155.87
1817,2021/9/2,48862.76,48862.76
1818,2021/9/3,49329.01,49329.01
1819,2021/9/4,50035.33,50035.33
1820,2021/9/5,49947.38,49947.38
1821,2021/9/6,51769.06,51769.06
1822,2021/9/7,52677.4,52677.4
1823,2021/9/8,46809.17,46809.17
1824,2021/9/9,46078.38,46078.38
1825,2021/9/10,46368.69,46368.69
