Date,Value
2016/9/11,621.65
2016/9/12,609.67
2016/9/13,610.92
2016/9/14,608.82
2016/9/15,610.38
2016/9/16,609.11
2016/9/17,607.04
2016/9/18,611.58
2016/9/19,610.19
2016/9/20,608.66
2016/9/21,598.88
2016/9/22,597.42
2016/9/23,594.08
2016/9/24,603.88
2016/9/25,601.74
2016/9/26,598.98
2016/9/27,605.96
2016/9/28,605.67
2016/9/29,603.85
2016/9/30,609.39
2016/10/1,614.82
2016/10/2,612.98
2016/10/3,611.85
2016/10/4,609.62
2016/10/5,607.18
2016/10/6,612.08
2016/10/7,617.21
2016/10/8,614.74
2016/10/9,615.65
2016/10/10,617.54
2016/10/11,614.77
2016/10/12,635.01
2016/10/13,635.96
2016/10/14,634.02
2016/10/15,637.94
2016/10/16,641.42
2016/10/17,638.97
2016/10/18,636.29
2016/10/19,629.25
2016/10/20,627.72
2016/10/21,631.92
2016/10/22,655.48
2016/10/23,653.25
2016/10/24,651.39
2016/10/25,655.31
2016/10/26,651.45
2016/10/27,682.22
2016/10/28,687.68
2016/10/29,685.91
2016/10/30,698
2016/10/31,702
2016/11/1,697.01
2016/11/2,733.33
2016/11/3,686.17
2016/11/4,683.69
2016/11/5,704.79
2016/11/6,712
2016/11/7,709.96
2016/11/8,708.97
2016/11/9,720.93
2016/11/10,721.5
2016/11/11,715.45
2016/11/12,703.71
2016/11/13,702.28
2016/11/14,706.46
2016/11/15,710.91
2016/11/16,711.73
2016/11/17,736.96
2016/11/18,747.52
2016/11/19,748.98
2016/11/20,729.06
2016/11/21,738.53
2016/11/22,736.97
2016/11/23,741.63
2016/11/24,737.45
2016/11/25,735.64
2016/11/26,733.67
2016/11/27,727.96
2016/11/28,727.31
2016/11/29,732.71
2016/11/30,742.69
2016/12/1,742.05
2016/12/2,772.43
2016/12/3,764.33
2016/12/4,762.97
2016/12/5,754.63
2016/12/6,756.62
2016/12/7,758.99
2016/12/8,769.72
2016/12/9,770.02
2016/12/10,769.08
2016/12/11,777
2016/12/12,777
2016/12/13,777.99
2016/12/14,774.89
2016/12/15,776.75
2016/12/16,775.88
2016/12/17,788.7
2016/12/18,788.4
2016/12/19,788.67
2016/12/20,793.09
2016/12/21,824.21
2016/12/22,834.97
2016/12/23,901.31
2016/12/24,891.61
2016/12/25,892.6
2016/12/26,897.33
2016/12/27,930.37
2016/12/28,930.34
2016/12/29,963.38
2016/12/30,952.15
2016/12/31,958.12
2017/1/1,997.72
2017/1/2,1015.97
2017/1/3,1013.42
2017/1/4,1126.76
2017/1/5,994.67
2017/1/6,999.65
2017/1/7,896.83
2017/1/8,908.14
2017/1/9,910.49
2017/1/10,906.05
2017/1/11,785.22
2017/1/12,780.92
2017/1/13,826.29
2017/1/14,817.91
2017/1/15,819.55
2017/1/16,830.5
2017/1/17,903.84
2017/1/18,906.6
2017/1/19,895.798875
2017/1/20,893.6210875
2017/1/21,895.64
2017/1/22,918.603625
2017/1/23,922.0736125
2017/1/24,919.97
2017/1/25,893.045625
2017/1/26,915.95625
2017/1/27,915.05
2017/1/28,920.31225
2017/1/29,915.933
2017/1/30,912.19
2017/1/31,964.706075
2017/2/1,979.703875
2017/2/2,983.42
2017/2/3,1013.027
2017/2/4,1030.999413
2017/2/5,1034.07
2017/2/6,1024.01375
2017/2/7,1050.11
2017/2/8,1052.84
2017/2/9,976.103
2017/2/10,999.1035
2017/2/11,997.59
2017/2/12,1000.604625
2017/2/13,999.877375
2017/2/14,1001.2
2017/2/15,1012.325988
2017/2/16,1035.208125
2017/2/17,1035.2
2017/2/18,1056.637138
2017/2/19,1052.779286
2017/2/20,1050.87
2017/2/21,1123.788429
2017/2/22,1123.223188
2017/2/23,1130.01
2017/2/24,1174.86625
2017/2/25,1150.605714
2017/2/26,1150.37
2017/2/27,1190.75195
2017/2/28,1187.565286
2017/3/1,1190.89
2017/3/2,1259.410817
2017/3/3,1285.14
2017/3/4,1287
2017/3/5,1270.9333
2017/3/6,1275.197375
2017/3/7,1279.5
2017/3/8,1157.3933
2017/3/9,1192.469143
2017/3/10,1192.09
2017/3/11,1179.159875
2017/3/12,1227.494625
2017/3/13,1227.68
2017/3/14,1245.370786
2017/3/15,1257.399625
2017/3/16,1257
2017/3/17,1091.171888
2017/3/18,952.2323625
2017/3/19,967.69
2017/3/20,1049.084488
2017/3/21,1118.630043
2017/3/22,1113
2017/3/23,1038.789
2017/3/24,941.9197143
2017/3/25,927.93
2017/3/26,956.7863125
2017/3/27,1037.22925
2017/3/28,1041.04
2017/3/29,1040.5755
2017/3/30,1037.90455
2017/3/31,1034.74
2017/4/1,1086.929571
2017/4/2,1099.169125
2017/4/3,1079.99
2017/4/4,1141.600363
2017/4/5,1133.079314
2017/4/6,1133.53
2017/4/7,1190.45425
2017/4/8,1181.149838
2017/4/9,1184.03
2017/4/10,1207.744875
2017/4/11,1226.617038
2017/4/12,1219.09
2017/4/13,1180.023713
2017/4/14,1185.260057
2017/4/15,1170.36
2017/4/16,1186.927413
2017/4/17,1205.634875
2017/4/18,1176.97
2017/4/19,1217.930088
2017/4/20,1241.686325
2017/4/21,1236.63
2017/4/22,1261.311225
2017/4/23,1257.988113
2017/4/24,1240.84
2017/4/25,1279.414688
2017/4/26,1309.109875
2017/4/27,1288.02
2017/4/28,1331.294429
2017/4/29,1334.979038
2017/4/30,1333
2017/5/1,1417.172813
2017/5/2,1452.076288
2017/5/3,1447.55
2017/5/4,1508.292125
2017/5/5,1533.335071
2017/5/6,1518.75
2017/5/7,1535.868429
2017/5/8,1640.619225
2017/5/9,1651.1
2017/5/10,1762.88625
2017/5/11,1820.990563
2017/5/12,1829
2017/5/13,1771.920013
2017/5/14,1776.3165
2017/5/15,1780
2017/5/16,1739.031975
2017/5/17,1807.485063
2017/5/18,1783.98
2017/5/19,1961.520488
2017/5/20,2052.909788
2017/5/21,2008.84
2017/5/22,2090.662313
2017/5/23,2287.710288
2017/5/24,2256.32
2017/5/25,2387.206286
2017/5/26,2211.976857
2017/5/27,2279.82
2017/5/28,2192.9808
2017/5/29,2275.9307
2017/5/30,2290.02
2017/5/31,2285.933914
2017/6/1,2399.242671
2017/6/2,2409.93
2017/6/3,2525.765158
2017/6/4,2516.173143
2017/6/5,2529.53
2017/6/6,2883.313697
2017/6/7,2664.920863
2017/6/8,2683.03
2017/6/9,2827.4913
2017/6/10,2845.372857
2017/6/11,2898.63
2017/6/12,2657.675063
2017/6/13,2748.185086
2017/6/14,2706
2017/6/15,2442.48025
2017/6/16,2464.959814
2017/6/17,2477.94
2017/6/18,2507.389252
2017/6/19,2617.210263
2017/6/20,2600
2017/6/21,2671.04325
2017/6/22,2727.288013
2017/6/23,2713.48
2017/6/24,2589.164888
2017/6/25,2512.366286
2017/6/26,2502.03
2017/6/27,2517.903114
2017/6/28,2585.349186
2017/6/29,2558.3
2017/6/30,2477.641375
2017/7/1,2501.191343
2017/7/2,2421.26
2017/7/3,2561.225429
2017/7/4,2599.729838
2017/7/5,2598.89
2017/7/6,2609.96775
2017/7/7,2491.201214
2017/7/8,2502.86
2017/7/9,2536.238938
2017/7/10,2366.170143
2017/7/11,2327.09
2017/7/12,2385.748571
2017/7/13,2354.783417
2017/7/14,2338.49
2017/7/15,2058.9956
2017/7/16,1931.2143
2017/7/17,1910.96
2017/7/18,2320.12225
2017/7/19,2264.7657
2017/7/20,2265.21
2017/7/21,2682.195363
2017/7/22,2807.609857
2017/7/23,2825.51
2017/7/24,2751.821029
2017/7/25,2560.997917
2017/7/26,2564.3
2017/7/27,2647.625
2017/7/28,2781.636583
2017/7/29,2784.8
2017/7/30,2745.955417
2017/7/31,2866.431667
2017/8/1,2862.9
2017/8/2,2693.633983
2017/8/3,2794.117717
2017/8/4,2790
2017/8/5,3218.115017
2017/8/6,3252.562533
2017/8/7,3210.2
2017/8/8,3457.374333
2017/8/9,3357.326317
2017/8/10,3340.28
2017/8/11,3632.506667
2017/8/12,3852.802914
2017/8/13,3868.52
2017/8/14,4282.992
2017/8/15,4217.028329
2017/8/16,4179.97
2017/8/17,4328.725717
2017/8/18,4130.440067
2017/8/19,4104.71
2017/8/20,4157.958033
2017/8/21,4043.722
2017/8/22,3986.28
2017/8/23,4174.95
2017/8/24,4340.316717
2017/8/25,4331.77
2017/8/26,4360.513317
2017/8/27,4354.308333
2017/8/28,4339.05
2017/8/29,4607.98545
2017/8/30,4594.98785
2017/8/31,4582.52
2017/9/1,4911.740017
2017/9/2,4580.38748
2017/9/3,4585.57
2017/9/4,4344.098317
2017/9/5,4488.72014
2017/9/6,4385.02
2017/9/7,4654.6585
2017/9/8,4310.750183
2017/9/9,4312.26
2017/9/10,4329.955
2017/9/11,4248.090017
2017/9/12,4198.59
2017/9/13,3961.271267
2017/9/14,3319.63
2017/9/15,3216.43
2017/9/16,3763.62604
2017/9/17,3746.060783
2017/9/18,3678.53
2017/9/19,3943.413333
2017/9/20,3977.561667
2017/9/21,3894.48
2017/9/22,3637.50255
2017/9/23,3776.3869
2017/9/24,3777.62
2017/9/25,3942.555
2017/9/26,3910.307383
2017/9/27,3881
2017/9/28,4201.98905
2017/9/29,4193.574667
2017/9/30,4164.27
2017/10/1,4360.722967
2017/10/2,4386.88375
2017/10/3,4394.07
2017/10/4,4225.175
2017/10/5,4338.852
2017/10/6,4318.58
2017/10/7,4376.191667
2017/10/8,4602.280883
2017/10/9,4605.66
2017/10/10,4782.28
2017/10/11,4819.485767
2017/10/12,4822.17
2017/10/13,5563.806567
2017/10/14,5739.438733
2017/10/15,5825.99
2017/10/16,5711.205867
2017/10/17,5603.71294
2017/10/18,5594.66
2017/10/19,5727.6335
2017/10/20,5979.45984
2017/10/21,5986.44
2017/10/22,5983.18455
2017/10/23,5876.079867
2017/10/24,5900.59
2017/10/25,5669.622533
2017/10/26,5893.138417
2017/10/27,5889.82
2017/10/28,5776.69695
2017/10/29,6155.43402
2017/10/30,6136.49
2017/10/31,6388.645167
2017/11/1,6665.306683
2017/11/2,6751.98
2017/11/3,7197.72006
2017/11/4,7437.543317
2017/11/5,7365.99
2017/11/6,6989.071667
2017/11/7,7092.127233
2017/11/8,7128.64
2017/11/9,7158.03706
2017/11/10,6719.39785
2017/11/11,6569.22
2017/11/12,5716.301583
2017/11/13,6550.227533
2017/11/14,6493.63
2017/11/15,7301.42992
2017/11/16,7815.0307
2017/11/17,7868.77
2017/11/18,7817.140383
2017/11/19,8007.654067
2017/11/20,8049.72
2017/11/21,8059.8
2017/11/22,8268.035
2017/11/23,8236.72
2017/11/24,8250.978333
2017/11/25,8707.407267
2017/11/26,8768.8
2017/11/27,9718.29505
2017/11/28,9952.50882
2017/11/29,9919
2017/11/30,10147.372
2017/12/1,10883.912
2017/12/2,10879.88
2017/12/3,11332.622
2017/12/4,11584.83
2017/12/5,11591.22
2017/12/6,13540.98
2017/12/7,16501.97167
2017/12/8,16860.88
2017/12/9,15142.83415
2017/12/10,14869.805
2017/12/11,15068.95
2017/12/12,17276.39333
2017/12/13,16808.36667
2017/12/14,16252.31
2017/12/15,17771.9
2017/12/16,19498.68333
2017/12/17,19279.9
2017/12/18,18961.85667
2017/12/19,17737.11167
2017/12/20,17382.94
2017/12/21,16047.51
2017/12/22,15190.945
2017/12/23,13776.61
2017/12/24,13949.175
2017/12/25,14119.02833
2017/12/26,13740.94
2017/12/27,15589.32167
2017/12/28,14380.58167
2017/12/29,14214.01
2017/12/30,13215.574
2017/12/31,14165.575
2018/1/1,13796
2018/1/2,15005.85667
2018/1/3,15053.26167
2018/1/4,15039.24
2018/1/5,17174.12
2018/1/6,17319.198
2018/1/7,17155.95
2018/1/8,15265.90667
2018/1/9,14714.25333
2018/1/10,14437.42
2018/1/11,13296.794
2018/1/12,13912.882
2018/1/13,13791.19
2018/1/14,13852.92
2018/1/15,14012.196
2018/1/16,13554.14
2018/1/17,11116.94667
2018/1/18,11345.42333
2018/1/19,11174.82
2018/1/20,12950.79333
2018/1/21,11505.228
2018/1/22,11513.42
2018/1/23,11223.064
2018/1/24,11282.25833
2018/1/25,11392.03
2018/1/26,10969.815
2018/1/27,11524.77667
2018/1/28,11431.37
2018/1/29,11212.655
2018/1/30,10184.06167
2018/1/31,10082.52
2018/2/1,9083.258333
2018/2/2,8901.901667
2018/2/3,8852.73
2018/2/4,8400.648333
2018/2/5,6838.816667
2018/2/6,6925.46
2018/2/7,8099.958333
2018/2/8,8240.536667
2018/2/9,8245.08
2018/2/10,8319.876566
2018/2/11,8343.455
2018/2/12,8068.02
2018/2/13,8597.7675
2018/2/14,9334.633333
2018/2/15,9471.64
2018/2/16,10127.16167
2018/2/17,10841.99167
2018/2/18,11085.83
2018/2/19,11110.965
2018/2/20,11390.39167
2018/2/21,11245.98
2018/2/22,9931.071667
2018/2/23,10162.11667
2018/2/24,10171.3
2018/2/25,9696.593333
2018/2/26,10348.60333
2018/2/27,10319.46
2018/2/28,10370.165
2018/3/1,11009.38167
2018/3/2,10931.12
2018/3/3,11326.94833
2018/3/4,11430.18167
2018/3/5,11516.83
2018/3/6,10763.19833
2018/3/7,10118.058
2018/3/8,9920.46
2018/3/9,9089.278333
2018/3/10,8746.002
2018/3/11,8777.37
2018/3/12,9182.843333
2018/3/13,9154.7
2018/3/14,9153.54
2018/3/15,8358.121667
2018/3/16,8530.402
2018/3/17,8297.89
2018/3/18,8171.415
2018/3/19,8412.033333
2018/3/20,8605.64
2018/3/21,8947.753333
2018/3/22,8690.408333
2018/3/23,8725.37
2018/3/24,8662.378333
2018/3/25,8617.296667
2018/3/26,8457.96
2018/3/27,7876.195
2018/3/28,7960.38
2018/3/29,7950.61
2018/3/30,6882.531667
2018/3/31,6935.48
2018/4/1,6937.56
2018/4/2,7035.848333
2018/4/3,7410.435
2018/4/4,7426.48
2018/4/5,6826.51
2018/4/6,6603.876667
2018/4/7,6634.68
2018/4/8,7017.656667
2018/4/9,6699.273333
2018/4/10,6784.41
2018/4/11,6926.266667
2018/4/12,7847.845
2018/4/13,7941.46
2018/4/14,8036.511051
2018/4/15,8340.748333
2018/4/16,8368.1
2018/4/17,7895.416926
2018/4/18,8164.937426
2018/4/19,8175.96
2018/4/20,8852.718333
2018/4/21,8807.205
2018/4/22,8930.6
2018/4/23,8933.861667
2018/4/24,9555.542
2018/4/25,9658.11
2018/4/26,9258.398333
2018/4/27,9010.32
2018/4/28,8928.55
2018/4/29,9334.281667
2018/4/30,9259.57
2018/5/1,9239.55
2018/5/2,9221.426
2018/5/3,9639.268333
2018/5/4,9753.35
2018/5/5,9803.306667
2018/5/6,9630.136277
2018/5/7,9631.44
2018/5/8,9228.608333
2018/5/9,9322.041667
2018/5/10,9310.37
2018/5/11,8468.788
2018/5/12,8484.346667
2018/5/13,8463.52
2018/5/14,8652.038333
2018/5/15,8511.458
2018/5/16,8471.06
2018/5/17,8106.118333
2018/5/18,8240.055
2018/5/19,8239.08
2018/5/20,8507.406667
2018/5/21,8385.556187
2018/5/22,8396.63
2018/5/23,7555.74
2018/5/24,7566.193333
2018/5/25,7576.78
2018/5/26,7342.908333
2018/5/27,7361.831667
2018/5/28,7344.56
2018/5/29,7459.876667
2018/5/30,7385.395
2018/5/31,7386.72
2018/6/1,7535.146667
2018/6/2,7645.146667
2018/6/3,7637.14
2018/6/4,7500.273333
2018/6/5,7615.722142
2018/6/6,7619.43
2018/6/7,7676.271667
2018/6/8,7620.153333
2018/6/9,7615.54
2018/6/10,6776.888333
2018/6/11,6875.678333
2018/6/12,6879.31
2018/6/13,6315.7
2018/6/14,6647.013333
2018/6/15,6637.41
2018/6/16,6509.426667
2018/6/17,6464.411667
2018/6/18,6445.79
2018/6/19,6737
2018/6/20,6714.718333
2018/6/21,6760.83
2018/6/22,6332.573333
2018/6/23,6141.605833
2018/6/24,6170.46
2018/6/25,6211.4475
2018/6/26,6218.595
2018/6/27,6097.46
2018/6/28,6107.896154
2018/6/29,5908.7025
2018/6/30,6223.28
2018/7/1,6374.754167
2018/7/2,6466.069167
2018/7/3,6626.44
2018/7/4,6593.289167
2018/7/5,6603.376667
2018/7/6,6555.51
2018/7/7,6594.281667
2018/7/8,6753.559167
2018/7/9,6724.04
2018/7/10,6510.791667
2018/7/11,6377.363333
2018/7/12,6403.18
2018/7/13,6244.3575
2018/7/14,6241
2018/7/15,6248.84
2018/7/16,6514.390833
2018/7/17,6869.910833
2018/7/18,7321.62
2018/7/19,7396.401667
2018/7/20,7428.045
2018/7/21,7334.99
2018/7/22,7451.289167
2018/7/23,7689.884167
2018/7/24,7715.1
2018/7/25,8251.165
2018/7/26,8187.324167
2018/7/27,7939.81
2018/7/28,8182.251667
2018/7/29,8206.341667
2018/7/30,8220.91
2018/7/31,7916.800833
2018/8/1,7570.869167
2018/8/2,7607.7
2018/8/3,7394.499167
2018/8/4,7247.769167
2018/8/5,7011.28
2018/8/6,6988.079167
2018/8/7,6993.513333
2018/8/8,6718.23
2018/8/9,6396.7725
2018/8/10,6396.494667
2018/8/11,6138.96
2018/8/12,6311.131667
2018/8/13,6347.07
2018/8/14,6252.13
2018/8/15,6362.676923
2018/8/16,6342.629231
2018/8/17,6312.75
2018/8/18,6436.720833
2018/8/19,6404.063333
2018/8/20,6486.58
2018/8/21,6401.246154
2018/8/22,6575.229167
2018/8/23,6354.57
2018/8/24,6543.645714
2018/8/25,6719.429231
2018/8/26,6738.27
2018/8/27,6719.266154
2018/8/28,7000.04
2018/8/29,7078.19
2018/8/30,6932.6625
2018/8/31,6981.946154
2018/9/1,7018.78
2018/9/2,7247.935385
2018/9/3,7260.949231
2018/9/4,7265.08
2018/9/5,7113.069231
2018/9/6,6433.271667
2018/9/7,6501.19
2018/9/8,6366.1075
2018/9/9,6286.425833
2018/9/10,6240.98
2018/9/11,6296.320833
2018/9/12,6273.1375
2018/9/13,6326.04
2018/9/14,6499.0625
2018/9/15,6518.655
2018/9/16,6522.39
2018/9/17,6400.600833
2018/9/18,6296.631667
2018/9/19,6342.39
2018/9/20,6418.562667
2018/9/21,6669.990833
2018/9/22,6756.12
2018/9/23,6710.445
2018/9/24,6639.304167
2018/9/25,6583.45
2018/9/26,6468.631667
2018/9/27,6535.476667
2018/9/28,6686.08
2018/9/29,6550.474167
2018/9/30,6593.135
2018/10/1,6611.02
2018/10/2,6562.641667
2018/10/3,6470.4025
2018/10/4,6483.73
2018/10/5,6568.549167
2018/10/6,6581.486667
2018/10/7,6573.62
2018/10/8,6618.567692
2018/10/9,6621.711667
2018/10/10,6626.85
2018/10/11,6248.635833
2018/10/12,6260.530833
2018/10/13,6247
2018/10/14,6299.399167
2018/10/15,6452.571667
2018/10/16,6599.17
2018/10/17,6596.276154
2018/10/18,6568.040769
2018/10/19,6509.61
2018/10/20,6488.825833
2018/10/21,6531.601667
2018/10/22,6504.78
2018/10/23,6481.426
2018/10/24,6508.31
2018/10/25,6489.77
2018/10/26,6473.753333
2018/10/27,6465.9175
2018/10/28,6457.21
2018/10/29,6382.668333
2018/10/30,6309.452857
2018/10/31,6301.61
2018/11/1,6342.280833
2018/11/2,6387.674167
2018/11/3,6390.42
2018/11/4,6391.873333
2018/11/5,6436.965
2018/11/6,6437.76
2018/11/7,6538.79
2018/11/8,6486.251667
2018/11/9,6444.97
2018/11/10,6399.033333
2018/11/11,6378.268333
2018/11/12,6408.53
2018/11/13,6372.063333
2018/11/14,6176.155
2018/11/15,5756.77
2018/11/16,5596.1925
2018/11/17,5558.243333
2018/11/18,5572.44
2018/11/19,5303.9425
2018/11/20,4671.97
2018/11/21,4491.98
2018/11/22,4548.7975
2018/11/23,4309.3375
2018/11/24,4352.98
2018/11/25,3823.511667
2018/11/26,3920.536667
2018/11/27,3793.35
2018/11/28,4103.453846
2018/11/29,4263.783333
2018/11/30,4278.77
2018/12/1,4116.7775
2018/12/2,4167.546667
2018/12/3,4140.6
2018/12/4,3961.493333
2018/12/5,3858.349167
2018/12/6,3744.98
2018/12/7,3405.643333
2018/12/8,3435.34
2018/12/9,3453.66
2018/12/10,3523.96
2018/12/11,3426.19
2018/12/12,3407.28
2018/12/13,3406.7625
2018/12/14,3278.374167
2018/12/15,3242.42
2018/12/16,3271.238333
2018/12/17,3392.405
2018/12/18,3556.54
2018/12/19,3808.0425
2018/12/20,3982.850833
2018/12/21,4135.19
2018/12/22,3910.973333
2018/12/23,4027.478333
2018/12/24,3995.17
2018/12/25,3813.88
2018/12/26,3825.379167
2018/12/27,3848.21
2018/12/28,3743.905
2018/12/29,3912.285833
2018/12/30,3770.36
2018/12/31,3791.545833
2019/1/1,3752.271667
2019/1/2,3855.88
2019/1/3,3865.7975
2019/1/4,3822.626667
2019/1/5,3856.62
2019/1/6,3920.456667
2019/1/7,4036.093333
2019/1/8,4032.25
2019/1/9,4034.138333
2019/1/10,3812.585833
2019/1/11,3646.25
2019/1/12,3646.345833
2019/1/13,3599.841667
2019/1/14,3531.96
2019/1/15,3656.785
2019/1/16,3621.270833
2019/1/17,3621.43
2019/1/18,3632.395
2019/1/19,3690.523333
2019/1/20,3703.98
2019/1/21,3548.4275
2019/1/22,3540.02
2019/1/23,3587.35
2019/1/24,3566.4
2019/1/25,3586.25
2019/1/26,3577.79
2019/1/27,3576.3
2019/1/28,3554.5
2019/1/29,3448.58
2019/1/30,3421.6
2019/1/31,3470
2019/2/1,3444.81
2019/2/2,3475.33
2019/2/3,3506.22
2019/2/4,3456.02
2019/2/5,3452.35
2019/2/6,3467.34
2019/2/7,3405.7
2019/2/8,3394.76
2019/2/9,3661.08
2019/2/10,3664.38
2019/2/11,3686.29
2019/2/12,3629.47
2019/2/13,3632.42
2019/2/14,3614.5
2019/2/15,3600.31
2019/2/16,3608.2
2019/2/17,3619.55
2019/2/18,3670.74
2019/2/19,3910.8
2019/2/20,3926.53
2019/2/21,3987.18
2019/2/22,3944.88
2019/2/23,3983.48
2019/2/24,4139.6
2019/2/25,3766.89
2019/2/26,3848.33
2019/2/27,3831.45
2019/2/28,3833.23
2019/3/1,3850.08
2019/3/2,3834.62
2019/3/3,3831.44
2019/3/4,3814.58
2019/3/5,3730.98
2019/3/6,3872.25
2019/3/7,3876.85
2019/3/8,3886.82
2019/3/9,3875.96
2019/3/10,3950.56
2019/3/11,3928.17
2019/3/12,3881.09
2019/3/13,3892.51
2019/3/14,3877.77
2019/3/15,3885.21
2019/3/16,3936.5
2019/3/17,4015.95
2019/3/18,3994.92
2019/3/19,3998.77
2019/3/20,4029.11
2019/3/21,4056.4
2019/3/22,3992.34
2019/3/23,3999.06
2019/3/24,4011.92
2019/3/25,3994.11
2019/3/26,3935.89
2019/3/27,3947.74
2019/3/28,4048.51
2019/3/29,4037.37
2019/3/30,4115.55
2019/3/31,4114.44
2019/4/1,4114.16
2019/4/2,4152.53
2019/4/3,4882.88
2019/4/4,4959.81
2019/4/5,4911.24
2019/4/6,5028.77
2019/4/7,5053.52
2019/4/8,5189.39
2019/4/9,5268.71
2019/4/10,5175.81
2019/4/11,5310.18
2019/4/12,5035.02
2019/4/13,5072.85
2019/4/14,5064.62
2019/4/15,5152.51
2019/4/16,5036.18
2019/4/17,5196.65
2019/4/18,5220.37
2019/4/19,5276.31
2019/4/20,5277.04
2019/4/21,5309.28
2019/4/22,5281.83
2019/4/23,5377.19
2019/4/24,5518.16
2019/4/25,5434.19
2019/4/26,5195.61
2019/4/27,5292.83
2019/4/28,5280.19
2019/4/29,5301.29
2019/4/30,5260.65
2019/5/1,5269.79
2019/5/2,5326.67
2019/5/3,5390.16
2019/5/4,5657.14
2019/5/5,5771.08
2019/5/6,5717.66
2019/5/7,5684.47
2019/5/8,5755.72
2019/5/9,5936.72
2019/5/10,6146.91
2019/5/11,6348.02
2019/5/12,7248.31
2019/5/13,6978.63
2019/5/14,7823.11
2019/5/15,7992.69
2019/5/16,8206.9
2019/5/17,7885.96
2019/5/18,7362.22
2019/5/19,7265.05
2019/5/20,8193.7
2019/5/21,8007.03
2019/5/22,7952.5
2019/5/23,7625.93
2019/5/24,7880.29
2019/5/25,8003.26
2019/5/26,8071.45
2019/5/27,8744.42
2019/5/28,8770.06
2019/5/29,8719.88
2019/5/30,8662.98
2019/5/31,8272.46
2019/6/1,8553.81
2019/6/2,8554.8
2019/6/3,8739.03
2019/6/4,8134.92
2019/6/5,7675.8
2019/6/6,7786.04
2019/6/7,7803.23
2019/6/8,7998.29
2019/6/9,7931.34
2019/6/10,7640.61
2019/6/11,8020.38
2019/6/12,7917.58
2019/6/13,8173.06
2019/6/14,8237.88
2019/6/15,8693.6
2019/6/16,8859.47
2019/6/17,8978.99
2019/6/18,9327.48
2019/6/19,9076.18
2019/6/20,9281.7
2019/6/21,9531.35
2019/6/22,10209.38
2019/6/23,10668.63
2019/6/24,10814.48
2019/6/25,11017.5
2019/6/26,11766.4
2019/6/27,12932.55
2019/6/28,11132.85
2019/6/29,12374.35
2019/6/30,11890.38
2019/7/1,10737.73
2019/7/2,10578.72
2019/7/3,10805.4
2019/7/4,11984.76
2019/7/5,11160.49
2019/7/6,10955.16
2019/7/7,11232.04
2019/7/8,11477.01
2019/7/9,12313.08
2019/7/10,12586.78
2019/7/11,12099.9
2019/7/12,11352.87
2019/7/13,11803.97
2019/7/14,11389.1
2019/7/15,10186.96
2019/7/16,10873.5
2019/7/17,9397.72
2019/7/18,9674.28
2019/7/19,10638.56
2019/7/20,10535.75
2019/7/21,10764.9
2019/7/22,10587.41
2019/7/23,10323.62
2019/7/24,9844.3
2019/7/25,9772.17
2019/7/26,9875.17
2019/7/27,9848.65
2019/7/28,9473.99
2019/7/29,9530
2019/7/30,9501.33
2019/7/31,9589.13
2019/8/1,10084.7
2019/8/2,10407.17
2019/8/3,10529.55
2019/8/4,10814.57
2019/8/5,10980.23
2019/8/6,11787.99
2019/8/7,11465.67
2019/8/8,11960.82
2019/8/9,11996.41
2019/8/10,11856.64
2019/8/11,11282.22
2019/8/12,11566.84
2019/8/13,11386.26
2019/8/14,10858.12
2019/8/15,10016.96
2019/8/16,10302.17
2019/8/17,10359.44
2019/8/18,10214.52
2019/8/19,10317.6
2019/8/20,10917.26
2019/8/21,10760.56
2019/8/22,10129.4
2019/8/23,10111.98
2019/8/24,10405.81
2019/8/25,10143.8
2019/8/26,10135.06
2019/8/27,10360.28
2019/8/28,10171.95
2019/8/29,9717.82
2019/8/30,9484.55
2019/8/31,9577.99
2019/9/1,9600.9
2019/9/2,9769.79
2019/9/3,10386.64
2019/9/4,10621.29
2019/9/5,10584.16
2019/9/6,10577.8
2019/9/7,10317.47
2019/9/8,10487.21
2019/9/9,10406.31
2019/9/10,10313.66
2019/9/11,10101.03
2019/9/12,10159.32
2019/9/13,10420.16
2019/9/14,10363.9
2019/9/15,10361.33
2019/9/16,10310.43
2019/9/17,10265.63
2019/9/18,10190.36
2019/9/19,10157.59
2019/9/20,10275.88
2019/9/21,10173.11
2019/9/22,9979.49
2019/9/23,10033.05
2019/9/24,9683.38
2019/9/25,8553.61
2019/9/26,8432.23
2019/9/27,8055.64
2019/9/28,8193.9
2019/9/29,8225
2019/9/30,8056.74
2019/10/1,8307.74
2019/10/2,8322.92
2019/10/3,8382.03
2019/10/4,8236.17
2019/10/5,8155.48
2019/10/6,8147.69
2019/10/7,7869.74
2019/10/8,8212.02
2019/10/9,8190
2019/10/10,8587.92
2019/10/11,8586.9
2019/10/12,8269.73
2019/10/13,8308.01
2019/10/14,8283.76
2019/10/15,8353.54
2019/10/16,8162.16
2019/10/17,8002.51
2019/10/18,8076.78
2019/10/19,7954.15
2019/10/20,7960.04
2019/10/21,8231.06
2019/10/22,8222.52
2019/10/23,8026.76
2019/10/24,7469.56
2019/10/25,7431.88
2019/10/26,8666.79
2019/10/27,9259.8
2019/10/28,9551.54
2019/10/29,9218.76
2019/10/30,9433.35
2019/10/31,9164.62
2019/11/1,9147.98
2019/11/2,9252.99
2019/11/3,9301.18
2019/11/4,9206.16
2019/11/5,9418.05
2019/11/6,9310.19
2019/11/7,9343.34
2019/11/8,9204.24
2019/11/9,8766.04
2019/11/10,8809.41
2019/11/11,9037.12
2019/11/12,8717.81
2019/11/13,8801.52
2019/11/14,8762.42
2019/11/15,8632.32
2019/11/16,8457.69
2019/11/17,8482.7
2019/11/18,8503.93
2019/11/19,8175.99
2019/11/20,8120.8
2019/11/21,8081.81
2019/11/22,7617.07
2019/11/23,7286.35
2019/11/24,7324.03
2019/11/25,6907.4
2019/11/26,7130.25
2019/11/27,7163.63
2019/11/28,7523.83
2019/11/29,7431
2019/11/30,7757.47
2019/12/1,7557.72
2019/12/2,7402.69
2019/12/3,7309.59
2019/12/4,7296.77
2019/12/5,7192.85
2019/12/6,7395.97
2019/12/7,7547.19
2019/12/8,7504.83
2019/12/9,7522.39
2019/12/10,7337.42
2019/12/11,7220.76
2019/12/12,7202.31
2019/12/13,7189.16
2019/12/14,7251.87
2019/12/15,7067.74
2019/12/16,7111.14
2019/12/17,6879.54
2019/12/18,6612.12
2019/12/19,7284.29
2019/12/20,7150.86
2019/12/21,7190.17
2019/12/22,7143.2
2019/12/23,7514.41
2019/12/24,7322.08
2019/12/25,7250.69
2019/12/26,7192.72
2019/12/27,7194.4
2019/12/28,7243.93
2019/12/29,7301.07
2019/12/30,7385.36
2019/12/31,7219.6
2020/1/1,7168.31
2020/1/2,7175.68
2020/1/3,6944.33
2020/1/4,7326.35
2020/1/5,7347.89
2020/1/6,7351.57
2020/1/7,7759.24
2020/1/8,8165.47
2020/1/9,8042.65
2020/1/10,7817.92
2020/1/11,8184.66
2020/1/12,8021.49
2020/1/13,8173.97
2020/1/14,8105.24
2020/1/15,8842.42
2020/1/16,8813.89
2020/1/17,8722.03
2020/1/18,8900.34
2020/1/19,8910.85
2020/1/20,8703.36
2020/1/21,8626.47
2020/1/22,8722.26
2020/1/23,8658.94
2020/1/24,8388.11
2020/1/25,8428.17
2020/1/26,8327.36
2020/1/27,8588.42
2020/1/28,8895.78
2020/1/29,9385.69
2020/1/30,9279.81
2020/1/31,9502.37
2020/2/1,9333.77
2020/2/2,9378.09
2020/2/3,9314.56
2020/2/4,9162.14
2020/2/5,9162.14
2020/2/6,9614.9
2020/2/7,9755.66
2020/2/8,9807.54
2020/2/9,9907.12
2020/2/10,10162.41
2020/2/11,9854.79
2020/2/12,10275.38
2020/2/13,10354.3
2020/2/14,10242.43
2020/2/15,10368.53
2020/2/16,9904.17
2020/2/17,9937.67
2020/2/18,9703.93
2020/2/19,10180.65
2020/2/20,9604.72
2020/2/21,9606.86
2020/2/22,9696.58
2020/2/23,9669.63
2020/2/24,9989.39
2020/2/25,9663.75
2020/2/26,9309.15
2020/2/27,8785.52
2020/2/28,8804.72
2020/2/29,8712.35
2020/3/1,8534.17
2020/3/2,8912.82
2020/3/3,8912.82
2020/3/4,8754.34
2020/3/5,8758.9
2020/3/6,9067.39
2020/3/7,9155.89
2020/3/8,8898.63
2020/3/9,8039.38
2020/3/10,7931.94
2020/3/11,7885.46
2020/3/12,7936.65
2020/3/13,4830.21
2020/3/14,5609.03
2020/3/15,5166.26
2020/3/16,5348.44
2020/3/17,5026.35
2020/3/18,5357.61
2020/3/19,5410.23
2020/3/20,6195.2
2020/3/21,6226.44
2020/3/22,6189.85
2020/3/23,5822.62
2020/3/24,6502.16
2020/3/25,6768.49
2020/3/26,6698.46
2020/3/27,6763.75
2020/3/28,6369.09
2020/3/29,6260.95
2020/3/30,5885.41
2020/3/31,6405.29
2020/4/1,6428.28
2020/4/2,6652.87
2020/4/3,6809.11
2020/4/4,6741.67
2020/4/5,6871.69
2020/4/6,6777.44
2020/4/7,7343.2
2020/4/8,7205.55
2020/4/9,7365.03
2020/4/10,7293.69
2020/4/11,6873.24
2020/4/12,6891.6
2020/4/13,6915.37
2020/4/14,6857.66
2020/4/15,6871.95
2020/4/16,6623.8
2020/4/17,7112.27
2020/4/18,7034.89
2020/4/19,7259.36
2020/4/20,7130.04
2020/4/21,6840.24
2020/4/22,6852.52
2020/4/23,7130.99
2020/4/24,7477.6
2020/4/25,7507.08
2020/4/26,7549.52
2020/4/27,7699.27
2020/4/28,7790.66
2020/4/29,7765.33
2020/4/30,8777.63
2020/5/1,8628.77
2020/5/2,8824.66
2020/5/3,8973.82
2020/5/4,8903.95
2020/5/5,8885.93
2020/5/6,9030.96
2020/5/7,9170.79
2020/5/8,10002.48
2020/5/9,9821.8
2020/5/10,9527.39
2020/5/11,8754.46
2020/5/12,8617.25
2020/5/13,8814.53
2020/5/14,9305.93
2020/5/15,9790.31
2020/5/16,9303.59
2020/5/17,9385.7
2020/5/18,9669.4
2020/5/19,9719.37
2020/5/20,9785.74
2020/5/21,9510.67
2020/5/22,9057.57
2020/5/23,9167.26
2020/5/24,9178.32
2020/5/25,8730.73
2020/5/26,8899.66
2020/5/27,8842.85
2020/5/28,9197.54
2020/5/29,9569.21
2020/5/30,9425.98
2020/5/31,9698.1
2020/6/1,9450.84
2020/6/2,10204.23
2020/6/3,9525.57
2020/6/4,9658.04
2020/6/5,9794.56
2020/6/6,9623.75
2020/6/7,9670.43
2020/6/8,9753.85
2020/6/9,9782.59
2020/6/10,9775.15
2020/6/11,9892.13
2020/6/12,9286.42
2020/6/13,9459.97
2020/6/14,9473.5
2020/6/15,9330.07
2020/6/16,9426.7
2020/6/17,9526
2020/6/18,9454.81
2020/6/19,9380.03
2020/6/20,9300.15
2020/6/21,9357.43
2020/6/22,9284.78
2020/6/23,9691.9
2020/6/24,9621.49
2020/6/25,9276.58
2020/6/26,9240.85
2020/6/27,9154.45
2020/6/28,9004.23
2020/6/29,9127.47
2020/6/30,9185.35
2020/7/1,9133.97
2020/7/2,9236.38
2020/7/3,9087.98
2020/7/4,9072.42
2020/7/5,9131.31
2020/7/6,9089.09
2020/7/7,9348.91
2020/7/8,9256.23
2020/7/9,9440.07
2020/7/10,9238.04
2020/7/11,9287.4
2020/7/12,9235.96
2020/7/13,9295.9
2020/7/14,9238.13
2020/7/15,9254.52
2020/7/16,9193.51
2020/7/17,9131
2020/7/18,9154.19
2020/7/19,9174.71
2020/7/20,9214.66
2020/7/21,9163.87
2020/7/22,9392.66
2020/7/23,9537.4
2020/7/24,9613.11
2020/7/25,9551.28
2020/7/26,9707.5
2020/7/27,9938.83
2020/7/28,11042.4
2020/7/29,10934.94
2020/7/30,11102.67
2020/7/31,11114.93
2020/8/1,11343.88
2020/8/2,11823.69
2020/8/3,11077.77
2020/8/4,11242.57
2020/8/5,11194.25
2020/8/6,11750.28
2020/8/7,11772.94
2020/8/8,11605.6
2020/8/9,11767.6
2020/8/10,11684.06
2020/8/11,11893.03
2020/8/12,11392.43
2020/8/13,11573.11
2020/8/14,11777.43
2020/8/15,11774.38
2020/8/16,11873.98
2020/8/17,11914.01
2020/8/18,12293.72
2020/8/19,11969.53
2020/8/20,11734
2020/8/21,11865.82
2020/8/22,11522.8
2020/8/23,11683.44
2020/8/24,11653.02
2020/8/25,11763.93
2020/8/26,11337.4
2020/8/27,11467.37
2020/8/28,11302.01
2020/8/29,11534.75
2020/8/30,11481.64
2020/8/31,11707.78
2020/9/1,11659.57
2020/9/2,11923.25
2020/9/3,11397.44
2020/9/4,10187.51
2020/9/5,10467.89
2020/9/6,10159.62
2020/9/7,10254.93
2020/9/8,10367.74
2020/9/9,10121.52
2020/9/10,10227.83
2020/9/11,10352.66
2020/9/12,10395.44
2020/9/13,10446.44
2020/9/14,10330.77
2020/9/15,10674.64
2020/9/16,10785.62
2020/9/17,10948.43
2020/9/18,10943.89
2020/9/19,10931.79
2020/9/20,11081.43
2020/9/21,10919.65
2020/9/22,10430.46
2020/9/23,10532.22
2020/9/24,10234.48
2020/9/25,10732.43
2020/9/26,10692.84
2020/9/27,10732.4
2020/9/28,10774.24
2020/9/29,10692.33
2020/9/30,10840.8
2020/10/1,10777.92
2020/10/2,10619.24
2020/10/3,10575.06
2020/10/4,10551.77
2020/10/5,10673.46
2020/10/6,10788.56
2020/10/7,10603.74
2020/10/8,10670.8
2020/10/9,10923.3
2020/10/10,11063.19
2020/10/11,11302.67
2020/10/12,11376.61
2020/10/13,11540.04
2020/10/14,11428.24
2020/10/15,11431.32
2020/10/16,11503.73
2020/10/17,11327.57
2020/10/18,11366.51
2020/10/19,11508.2
2020/10/20,11758.16
2020/10/21,11925.46
2020/10/22,12831.56
2020/10/23,12990.25
2020/10/24,12944.52
2020/10/25,13128.46
2020/10/26,13036.77
2020/10/27,13076.37
2020/10/28,13651.47
2020/10/29,13289
2020/10/30,13458.66
2020/10/31,13564.72
2020/11/1,13810.32
2020/11/2,13758.88
2020/11/3,13575.17
2020/11/4,14023.31
2020/11/5,14155.59
2020/11/6,15591.39
2020/11/7,15595.77
2020/11/8,14839.84
2020/11/9,15490.6
2020/11/10,15328.53
2020/11/11,15317.04
2020/11/12,15708.65
2020/11/13,16295.57
2020/11/14,16339.33
2020/11/15,16091.07
2020/11/16,15968.16
2020/11/17,16725.15
2020/11/18,17679.72
2020/11/19,17798.45
2020/11/20,17820.57
2020/11/21,18687.45
2020/11/22,18699.75
2020/11/23,18422.28
2020/11/24,18398.91
2020/11/25,19172.52
2020/11/26,18739.8
2020/11/27,17151.44
2020/11/28,17138.87
2020/11/29,17732.42
2020/11/30,18191.6
2020/12/1,19709.73
2020/12/2,18792.52
2020/12/3,19226.97
2020/12/4,19454.54
2020/12/5,18670.49
2020/12/6,19155.06
2020/12/7,19377.66
2020/12/8,19181.41
2020/12/9,18318.87
2020/12/10,18554.15
2020/12/11,18247.76
2020/12/12,18029.36
2020/12/13,18803.44
2020/12/14,19164.48
2020/12/15,19276.59
2020/12/16,19439.75
2020/12/17,21379.48
2020/12/18,22847.46
2020/12/19,23150.79
2020/12/20,23869.92
2020/12/21,23490.58
2020/12/22,22745.48
2020/12/23,23824.99
2020/12/24,23253.37
2020/12/25,23715.53
2020/12/26,24693.58
2020/12/27,26443.21
2020/12/28,26246.58
2020/12/29,27036.69
2020/12/30,27376.37
2020/12/31,28856.59
2021/1/1,28982.56
2021/1/2,29393.75
2021/1/3,32195.46
2021/1/4,33000.78
2021/1/5,32035.03
2021/1/6,34046.67
2021/1/7,36860.41
2021/1/8,39486.04
2021/1/9,40670.25
2021/1/10,40240.72
2021/1/11,38240.09
2021/1/12,35544.94
2021/1/13,34011.82
2021/1/14,37393.13
2021/1/15,39158.47
2021/1/16,36828.52
2021/1/17,36065.2
2021/1/18,35793.01
2021/1/19,36632.35
2021/1/20,36020.13
2021/1/21,35538.98
2021/1/22,30797.88
2021/1/23,33002.38
2021/1/24,32099.74
2021/1/25,32276.84
2021/1/26,32243.26
2021/1/27,32541.8
2021/1/28,30419.17
2021/1/29,33403.17
2021/1/30,34314.26
2021/1/31,34318.1
2021/2/1,33136.46
2021/2/2,33522.9
2021/2/3,35529.66
2021/2/4,37676.25
2021/2/5,37002.09
2021/2/6,38278.61
2021/2/7,39323.26
2021/2/8,38928.1
2021/2/9,46364.3
2021/2/10,46589.58
2021/2/11,44878.17
2021/2/12,48013.38
2021/2/13,47471.4
2021/2/14,47185.19
2021/2/15,48720.37
2021/2/16,47951.85
2021/2/17,49160.1
2021/2/18,52118.23
2021/2/19,51608.15
2021/2/20,55916.5
2021/2/21,56001.2
2021/2/22,57487.86
2021/2/23,54123.4
2021/2/24,48880.43
2021/2/25,50624.84
2021/2/26,46800.42
2021/2/27,46340.31
2021/2/28,46155.87
2021/3/1,45113.92
2021/3/2,49618.43
2021/3/3,48356.04
2021/3/4,50477.7
2021/3/5,48448.91
2021/3/6,48861.38
2021/3/7,48881.59
2021/3/8,51169.7
2021/3/9,52299.33
2021/3/10,54881.52
2021/3/11,55997.23
2021/3/12,57764
2021/3/13,57253.28
2021/3/14,61258.73
2021/3/15,59133.47
2021/3/16,55754.72
2021/3/17,56872.38
2021/3/18,58913
2021/3/19,57665.9
2021/3/20,58075.1
2021/3/21,58085.8
2021/3/22,57411.17
2021/3/23,54204.96
2021/3/24,54477.46
2021/3/25,52508.23
2021/3/26,51415.92
2021/3/27,55074.47
2021/3/28,55863.93
2021/3/29,55783.71
2021/3/30,57627.67
2021/3/31,58730.13
2021/4/1,58735.25
2021/4/2,58736.92
2021/4/3,59031.32
2021/4/4,57076.49
2021/4/5,58206.55
2021/4/6,59054.1
2021/4/7,58020.46
2021/4/8,55947.27
2021/4/9,58048.59
2021/4/10,58102.58
2021/4/11,59774
2021/4/12,59964.87
2021/4/13,59834.74
2021/4/14,63554.44
2021/4/15,62969.12
2021/4/16,63252.63
2021/4/17,61455.98
2021/4/18,60087.09
2021/4/19,56251.48
2021/4/20,55703.14
2021/4/21,56507.91
2021/4/22,53808.8
2021/4/23,51731.71
2021/4/24,51153.13
2021/4/25,50110.53
2021/4/26,49075.58
2021/4/27,54056.64
2021/4/28,55071.46
2021/4/29,54884.1
2021/4/30,53584.15
2021/5/1,57796.62
2021/5/2,57857.5
2021/5/3,56610.46
2021/5/4,57213.33
2021/5/5,53241.72
2021/5/6,57473.23
2021/5/7,56428.16
2021/5/8,57380.27
2021/5/9,58928.81
2021/5/10,58280.73
2021/5/11,55883.5
2021/5/12,56750
2021/5/13,49007.09
2021/5/14,49702.27
2021/5/15,49922.52
2021/5/16,46736.58
2021/5/17,46441.64
2021/5/18,43596.24
2021/5/19,42912.19
2021/5/20,36964.27
2021/5/21,40784.32
2021/5/22,37280.35
2021/5/23,37528.3
2021/5/24,34754.54
2021/5/25,38728.59
2021/5/26,38410.5
2021/5/27,39266.04
2021/5/28,38445.29
2021/5/29,35689.62
2021/5/30,34647.67
2021/5/31,35684.59
2021/6/1,37310.54
2021/6/2,36662.64
2021/6/3,37585.24
2021/6/4,39188.59
2021/6/5,36885.51
2021/6/6,35530.38
2021/6/7,35816.17
2021/6/8,33514.87
2021/6/9,33450.19
2021/6/10,37338.36
2021/6/11,36704.57
2021/6/12,37313.18
2021/6/13,35494.9
2021/6/14,39066.82
2021/6/15,40525.8
2021/6/16,40188.56
2021/6/17,38324.87
2021/6/18,38068.04
2021/6/19,35729.82
2021/6/20,35524.17
2021/6/21,35592.35
2021/6/22,31686.55
2021/6/23,32447.59
2021/6/24,33674.66
2021/6/25,34639.38
2021/6/26,31640.58
2021/6/27,32160.91
2021/6/28,34644.45
2021/6/29,34456.67
2021/6/30,35847.7
2021/7/1,35047.36
2021/7/2,33536.88
2021/7/3,33856.86
2021/7/4,34688.98
2021/7/5,35309.3
2021/7/6,33747.97
2021/7/7,34211.01
2021/7/8,33839.04
2021/7/9,32877.41
2021/7/10,33818.52
2021/7/11,33515.57
2021/7/12,34227.64
2021/7/13,33158.25
2021/7/14,32686.56
2021/7/15,32814.61
2021/7/16,31738.59
2021/7/17,31421.25
2021/7/18,31520.66
2021/7/19,31783.49
2021/7/20,30815.94
2021/7/21,29790.24
2021/7/22,32118.06
2021/7/23,32297.89
2021/7/24,33581.63
2021/7/25,34279.34
2021/7/26,35365.2
2021/7/27,37318.14
2021/7/28,39405.95
2021/7/29,40002.53
2021/7/30,40005.93
2021/7/31,42214.15
2021/8/1,41659.06
2021/8/2,40000.46
2021/8/3,39193.94
2021/8/4,38138
2021/8/5,39750.14
2021/8/6,40882
2021/8/7,42825.95
2021/8/8,44634.13
2021/8/9,43816.14
2021/8/10,46333.46
2021/8/11,45608.37
2021/8/12,45611.46
2021/8/13,44417.78
2021/8/14,47833.98
2021/8/15,47112.19
2021/8/16,47056.41
2021/8/17,45982.55
2021/8/18,44648.57
2021/8/19,44777.86
2021/8/20,46734.65
2021/8/21,49327.75
2021/8/22,48932.02
2021/8/23,49335.68
2021/8/24,49523.5
2021/8/25,47744.58
2021/8/26,48972.09
2021/8/27,46962.8
2021/8/28,49056.86
2021/8/29,48897.65
2021/8/30,48806.78
2021/8/31,47074.77
2021/9/1,47155.87
2021/9/2,48862.76
2021/9/3,49329.01
2021/9/4,50035.33
2021/9/5,49947.38
2021/9/6,51769.06
2021/9/7,52677.4
2021/9/8,46809.17
2021/9/9,46078.38
2021/9/10,46368.69
