Date,USD(PM),,,,
2016/9/12,1324.6,,,,
2016/9/13,1323.65,,,,
2016/9/14,1321.75,,,,
2016/9/15,1310.8,,,,
2016/9/16,1308.35,,,,
2016/9/19,1314.85,,,,
2016/9/20,1313.8,,,,
2016/9/21,1326.1,,,,
2016/9/22,1339.1,,,,
2016/9/23,1338.65,,,,
2016/9/26,1340.5,,,,
2016/9/27,1327,,,,
2016/9/28,1322.5,,,,
2016/9/29,1318.1,,,,
2016/9/30,1322.5,,,,
2016/10/3,1313.3,,,,
2016/10/4,1283.3,,,,
2016/10/5,1269.4,,,,
2016/10/6,1254.5,,,,
2016/10/7,1258.75,,,,
2016/10/10,1259.5,,,,
2016/10/11,1253.45,,,,
2016/10/12,1256.5,,,,
2016/10/13,1261.05,,,,
2016/10/14,1251.75,,,,
2016/10/17,1254.8,,,,
2016/10/18,1258.2,,,,
2016/10/19,1269.05,,,,
2016/10/20,1271.65,,,,
2016/10/21,1266.05,,,,
2016/10/24,1265.55,,,,
2016/10/25,1269.4,,,,
2016/10/26,1270.5,,,,
2016/10/27,1266.25,,,,
2016/10/28,1273,,,,
2016/10/31,1272,,,,
2016/11/1,1288.45,,,,
2016/11/2,1303.75,,,,
2016/11/3,1301,,,,
2016/11/4,1302.8,,,,
2016/11/7,1283.05,,,,
2016/11/8,1282.35,,,,
2016/11/9,1281.4,,,,
2016/11/10,1267.5,,,,
2016/11/11,1236.45,,,,
2016/11/14,1213.6,,,,
2016/11/15,1226.95,,,,
2016/11/16,1229.2,,,,
2016/11/17,1226.75,,,,
2016/11/18,1211,,,,
2016/11/21,1214.25,,,,
2016/11/22,1212.25,,,,
2016/11/23,1185.35,,,,
2016/11/24,1186.1,,,,
2016/11/25,1187.7,,,,
2016/11/28,1187,,,,
2016/11/29,1186.55,,,,
2016/11/30,1178.1,,,,
2016/12/1,1161.85,,,,
2016/12/2,1173.5,,,,
2016/12/5,1162.2,,,,
2016/12/6,1172.5,,,,
2016/12/7,1177.65,,,,
2016/12/8,1171.05,,,,
2016/12/9,1163.6,,,,
2016/12/12,1156.1,,,,
2016/12/13,1158.55,,,,
2016/12/14,1162.25,,,,
2016/12/15,1126.95,,,,
2016/12/16,1131.6,,,,
2016/12/19,1136.25,,,,
2016/12/20,1125.7,,,,
2016/12/21,1133.65,,,,
2016/12/22,1131.35,,,,
2016/12/28,1134.6,,,,
2016/12/29,1145.9,,,,
2017/1/3,1151,,,,
2017/1/4,1164.25,,,,
2017/1/5,1176.7,,,,
2017/1/6,1175.85,,,,
2017/1/9,1178.5,,,,
2017/1/10,1189.5,,,,
2017/1/11,1178.55,,,,
2017/1/12,1205.05,,,,
2017/1/13,1190.35,,,,
2017/1/16,1203,,,,
2017/1/17,1216.05,,,,
2017/1/18,1214.75,,,,
2017/1/19,1196.05,,,,
2017/1/20,1200.55,,,,
2017/1/23,1212.85,,,,
2017/1/24,1216.8,,,,
2017/1/25,1195,,,,
2017/1/26,1189.7,,,,
2017/1/27,1184.85,,,,
2017/1/30,1192.8,,,,
2017/1/31,1212.8,,,,
2017/2/1,1203.65,,,,
2017/2/2,1221.95,,,,
2017/2/3,1215.2,,,,
2017/2/6,1226.75,,,,
2017/2/7,1231,,,,
2017/2/8,1242.1,,,,
2017/2/9,1236.8,,,,
2017/2/10,1228.3,,,,
2017/2/13,1222.25,,,,
2017/2/14,1230.75,,,,
2017/2/15,1224.4,,,,
2017/2/16,1240.55,,,,
2017/2/17,1241.95,,,,
2017/2/20,1237.3,,,,
2017/2/21,1233.2,,,,
2017/2/22,1236.65,,,,
2017/2/23,1247.9,,,,
2017/2/24,1253.65,,,,
2017/2/27,1257.2,,,,
2017/2/28,1255.6,,,,
2017/3/1,1240.4,,,,
2017/3/2,1238.1,,,,
2017/3/3,1226.5,,,,
2017/3/6,1230.95,,,,
2017/3/7,1216.65,,,,
2017/3/8,1209.2,,,,
2017/3/9,1206.55,,,,
2017/3/10,1202.65,,,,
2017/3/13,1204.2,,,,
2017/3/14,1204.6,,,,
2017/3/15,1198.8,,,,
2017/3/16,1229.35,,,,
2017/3/17,1229.6,,,,
2017/3/20,1232.4,,,,
2017/3/21,1241.6,,,,
2017/3/22,1249.05,,,,
2017/3/23,1247.5,,,,
2017/3/24,1247.5,,,,
2017/3/27,1257.55,,,,
2017/3/28,1257.25,,,,
2017/3/29,1251.1,,,,
2017/3/30,1248.8,,,,
2017/3/31,1244.85,,,,
2017/4/3,1247.25,,,,
2017/4/4,1257.65,,,,
2017/4/5,1245.8,,,,
2017/4/6,1252.5,,,,
2017/4/7,1266.45,,,,
2017/4/10,1250.05,,,,
2017/4/11,1252.9,,,,
2017/4/12,1274.3,,,,
2017/4/13,1284.15,,,,
2017/4/18,1278.95,,,,
2017/4/19,1279.05,,,,
2017/4/20,1282.1,,,,
2017/4/21,1281.85,,,,
2017/4/24,1269.4,,,,
2017/4/25,1267.8,,,,
2017/4/26,1261.85,,,,
2017/4/27,1262.8,,,,
2017/4/28,1266.45,,,,
2017/5/2,1255.45,,,,
2017/5/3,1250.3,,,,
2017/5/4,1228.45,,,,
2017/5/5,1228.05,,,,
2017/5/8,1229.8,,,,
2017/5/9,1220.4,,,,
2017/5/10,1222.95,,,,
2017/5/11,1223.15,,,,
2017/5/12,1231.25,,,,
2017/5/15,1233.3,,,,
2017/5/16,1234.2,,,,
2017/5/17,1257.4,,,,
2017/5/18,1255.9,,,,
2017/5/19,1252,,,,
2017/5/22,1258.85,,,,
2017/5/23,1260.2,,,,
2017/5/24,1252.55,,,,
2017/5/25,1256.95,,,,
2017/5/26,1265.05,,,,
2017/5/30,1262.7,,,,
2017/5/31,1266.2,,,,
2017/6/1,1264.85,,,,
2017/6/2,1274.95,,,,
2017/6/5,1279.95,,,,
2017/6/6,1293.5,,,,
2017/6/7,1291,,,,
2017/6/8,1273.1,,,,
2017/6/9,1266.55,,,,
2017/6/12,1266.4,,,,
2017/6/13,1262,,,,
2017/6/14,1275.5,,,,
2017/6/15,1254.55,,,,
2017/6/16,1255.4,,,,
2017/6/19,1248.15,,,,
2017/6/20,1242.2,,,,
2017/6/21,1242.5,,,,
2017/6/22,1250.8,,,,
2017/6/23,1255.7,,,,
2017/6/26,1245.25,,,,
2017/6/27,1249.55,,,,
2017/6/28,1248,,,,
2017/6/29,1243.5,,,,
2017/6/30,1242.25,,,,
2017/7/3,1229.25,,,,
2017/7/4,1223.75,,,,
2017/7/5,1220.3,,,,
2017/7/6,1224.9,,,,
2017/7/7,1215.65,,,,
2017/7/10,1211.9,,,,
2017/7/11,1211.05,,,,
2017/7/12,1218.8,,,,
2017/7/13,1218.9,,,,
2017/7/14,1230.3,,,,
2017/7/17,1234.1,,,,
2017/7/18,1240.75,,,,
2017/7/19,1242.15,,,,
2017/7/20,1238.7,,,,
2017/7/21,1248.55,,,,
2017/7/24,1255.55,,,,
2017/7/25,1254.4,,,,
2017/7/26,1248.1,,,,
2017/7/27,1261.1,,,,
2017/7/28,1264.9,,,,
2017/7/31,1267.55,,,,
2017/8/1,1270.95,,,,
2017/8/2,1269.6,,,,
2017/8/3,1268.1,,,,
2017/8/4,1257.7,,,,
2017/8/7,1258,,,,
2017/8/8,1261.8,,,,
2017/8/9,1271.05,,,,
2017/8/10,1284.4,,,,
2017/8/11,1286.1,,,,
2017/8/14,1282.3,,,,
2017/8/15,1270.3,,,,
2017/8/16,1272.75,,,,
2017/8/17,1285.15,,,,
2017/8/18,1295.8,,,,
2017/8/21,1292.9,,,,
2017/8/22,1284.2,,,,
2017/8/23,1286.65,,,,
2017/8/24,1289,,,,
2017/8/25,1285.3,,,,
2017/8/29,1318.65,,,,
2017/8/30,1308.5,,,,
2017/8/31,1311.75,,,,
2017/9/1,1320.4,,,,
2017/9/4,1333.1,,,,
2017/9/5,1335.55,,,,
2017/9/6,1337.85,,,,
2017/9/7,1343.5,,,,
2017/9/8,1346.25,,,,
2017/9/11,1334.2,,,,
2017/9/12,1326.5,,,,
2017/9/13,1327.55,,,,
2017/9/14,1324.55,,,,
2017/9/15,1322.85,,,,
2017/9/18,1312.1,,,,
2017/9/19,1309.6,,,,
2017/9/20,1311.3,,,,
2017/9/21,1292.1,,,,
2017/9/22,1294.8,,,,
2017/9/25,1293.3,,,,
2017/9/26,1300.05,,,,
2017/9/27,1282.55,,,,
2017/9/28,1283.35,,,,
2017/9/29,1283.1,,,,
2017/10/2,1273.7,,,,
2017/10/3,1271.25,,,,
2017/10/4,1274.25,,,,
2017/10/5,1274.5,,,,
2017/10/6,1261.8,,,,
2017/10/9,1278.75,,,,
2017/10/10,1291.4,,,,
2017/10/11,1289.25,,,,
2017/10/12,1290.25,,,,
2017/10/13,1299.6,,,,
2017/10/16,1303.3,,,,
2017/10/17,1284.75,,,,
2017/10/18,1280.2,,,,
2017/10/19,1286.4,,,,
2017/10/20,1281.2,,,,
2017/10/23,1274.9,,,,
2017/10/24,1276.45,,,,
2017/10/25,1275,,,,
2017/10/26,1273.75,,,,
2017/10/27,1266.45,,,,
2017/10/30,1272,,,,
2017/10/31,1270.15,,,,
2017/11/1,1277.05,,,,
2017/11/2,1279.2,,,,
2017/11/3,1267.2,,,,
2017/11/6,1270.9,,,,
2017/11/7,1275.6,,,,
2017/11/8,1284,,,,
2017/11/9,1284.8,,,,
2017/11/10,1284.3,,,,
2017/11/13,1277.95,,,,
2017/11/14,1274.6,,,,
2017/11/15,1282.2,,,,
2017/11/16,1280,,,,
2017/11/17,1284.35,,,,
2017/11/20,1286.2,,,,
2017/11/21,1283.3,,,,
2017/11/22,1286.95,,,,
2017/11/23,1290.35,,,,
2017/11/24,1290.5,,,,
2017/11/27,1294.9,,,,
2017/11/28,1291.85,,,,
2017/11/29,1283.85,,,,
2017/11/30,1280.2,,,,
2017/12/1,1275.5,,,,
2017/12/4,1273.45,,,,
2017/12/5,1266.3,,,,
2017/12/6,1263.7,,,,
2017/12/7,1255,,,,
2017/12/8,1250.65,,,,
2017/12/11,1247.15,,,,
2017/12/12,1240.9,,,,
2017/12/13,1242.65,,,,
2017/12/14,1251,,,,
2017/12/15,1254.6,,,,
2017/12/18,1260.6,,,,
2017/12/19,1260.35,,,,
2017/12/20,1264.55,,,,
2017/12/21,1264.55,,,,
2017/12/27,1279.4,,,,
2017/12/28,1291,,,,
2018/1/2,1312.05,,,,
2018/1/3,1314.9,,,,
2018/1/4,1314.5,,,,
2018/1/5,1317.15,,,,
2018/1/8,1319.95,,,,
2018/1/9,1311,,,,
2018/1/10,1319.75,,,,
2018/1/11,1323.05,,,,
2018/1/12,1326.8,,,,
2018/1/15,1339.25,,,,
2018/1/16,1333.85,,,,
2018/1/17,1335.65,,,,
2018/1/18,1332.2,,,,
2018/1/19,1334.95,,,,
2018/1/22,1332.6,,,,
2018/1/23,1333.4,,,,
2018/1/24,1353.7,,,,
2018/1/25,1354.95,,,,
2018/1/26,1353.15,,,,
2018/1/29,1343.85,,,,
2018/1/30,1344.9,,,,
2018/1/31,1345.05,,,,
2018/2/1,1341.35,,,,
2018/2/2,1331.15,,,,
2018/2/5,1333.6,,,,
2018/2/6,1331.4,,,,
2018/2/7,1324.65,,,,
2018/2/8,1315.45,,,,
2018/2/9,1314.1,,,,
2018/2/12,1322.3,,,,
2018/2/13,1325.35,,,,
2018/2/14,1336.25,,,,
2018/2/15,1352.45,,,,
2018/2/16,1352.1,,,,
2018/2/19,1346.6,,,,
2018/2/20,1339.85,,,,
2018/2/21,1330.5,,,,
2018/2/22,1328.35,,,,
2018/2/23,1327.95,,,,
2018/2/26,1333.5,,,,
2018/2/27,1325.75,,,,
2018/2/28,1317.85,,,,
2018/3/1,1307.75,,,,
2018/3/2,1322.3,,,,
2018/3/5,1320.4,,,,
2018/3/6,1331.4,,,,
2018/3/7,1329.4,,,,
2018/3/8,1321,,,,
2018/3/9,1320.6,,,,
2018/3/12,1319.15,,,,
2018/3/13,1322.75,,,,
2018/3/14,1323.55,,,,
2018/3/15,1318.75,,,,
2018/3/16,1310.1,,,,
2018/3/19,1312.4,,,,
2018/3/20,1311,,,,
2018/3/21,1321.35,,,,
2018/3/22,1329.15,,,,
2018/3/23,1346.6,,,,
2018/3/26,1352.4,,,,
2018/3/27,1341.45,,,,
2018/3/28,1332.45,,,,
2018/3/29,1323.85,,,,
2018/4/3,1333.45,,,,
2018/4/4,1337.3,,,,
2018/4/5,1327.7,,,,
2018/4/6,1331.2,,,,
2018/4/9,1331.95,,,,
2018/4/10,1338.95,,,,
2018/4/11,1350.75,,,,
2018/4/12,1341.35,,,,
2018/4/13,1343.7,,,,
2018/4/16,1349.35,,,,
2018/4/17,1342.1,,,,
2018/4/18,1351.45,,,,
2018/4/19,1348.6,,,,
2018/4/20,1336.75,,,,
2018/4/23,1324.3,,,,
2018/4/24,1328.85,,,,
2018/4/25,1321.65,,,,
2018/4/26,1320.7,,,,
2018/4/27,1321.5,,,,
2018/4/30,1313.2,,,,
2018/5/1,1307.1,,,,
2018/5/2,1304.2,,,,
2018/5/3,1315.05,,,,
2018/5/4,1309.4,,,,
2018/5/8,1306.6,,,,
2018/5/9,1313.85,,,,
2018/5/10,1318.8,,,,
2018/5/11,1324.35,,,,
2018/5/14,1319.85,,,,
2018/5/15,1295,,,,
2018/5/16,1291.25,,,,
2018/5/17,1289.5,,,,
2018/5/18,1288.3,,,,
2018/5/21,1288.35,,,,
2018/5/22,1293.05,,,,
2018/5/23,1289,,,,
2018/5/24,1304.85,,,,
2018/5/25,1303.5,,,,
2018/5/29,1295.5,,,,
2018/5/30,1300.7,,,,
2018/5/31,1305.35,,,,
2018/6/1,1294.6,,,,
2018/6/4,1295.45,,,,
2018/6/5,1292.05,,,,
2018/6/6,1300.1,,,,
2018/6/7,1297.25,,,,
2018/6/8,1298.25,,,,
2018/6/11,1299.6,,,,
2018/6/12,1298.65,,,,
2018/6/13,1296.15,,,,
2018/6/14,1302.75,,,,
2018/6/15,1285.25,,,,
2018/6/18,1281.55,,,,
2018/6/19,1276.15,,,,
2018/6/20,1274.2,,,,
2018/6/21,1266.15,,,,
2018/6/22,1269.15,,,,
2018/6/25,1268.7,,,,
2018/6/26,1260.3,,,,
2018/6/27,1254.6,,,,
2018/6/28,1251.55,,,,
2018/6/29,1250.45,,,,
2018/7/2,1247.8,,,,
2018/7/3,1251.75,,,,
2018/7/4,1255.65,,,,
2018/7/5,1255.5,,,,
2018/7/6,1255.35,,,,
2018/7/9,1262.05,,,,
2018/7/10,1254,,,,
2018/7/11,1251.4,,,,
2018/7/12,1245.9,,,,
2018/7/13,1241.7,,,,
2018/7/16,1241.1,,,,
2018/7/17,1232.8,,,,
2018/7/18,1224.5,,,,
2018/7/19,1217.55,,,,
2018/7/20,1228.75,,,,
2018/7/23,1224.95,,,,
2018/7/24,1228.35,,,,
2018/7/25,1231.5,,,,
2018/7/26,1228.25,,,,
2018/7/27,1223.95,,,,
2018/7/30,1223.8,,,,
2018/7/31,1220.95,,,,
2018/8/1,1219,,,,
2018/8/2,1215.45,,,,
2018/8/3,1216.3,,,,
2018/8/6,1209.65,,,,
2018/8/7,1212.35,,,,
2018/8/8,1209.55,,,,
2018/8/9,1214.35,,,,
2018/8/10,1214.4,,,,
2018/8/13,1200.35,,,,
2018/8/14,1197,,,,
2018/8/15,1182,,,,
2018/8/16,1180.4,,,,
2018/8/17,1178.4,,,,
2018/8/20,1184.35,,,,
2018/8/21,1190.95,,,,
2018/8/22,1196.65,,,,
2018/8/23,1192.35,,,,
2018/8/24,1197.7,,,,
2018/8/28,1212.25,,,,
2018/8/29,1204.2,,,,
2018/8/30,1197.3,,,,
2018/8/31,1202.45,,,,
2018/9/3,1200.05,,,,
2018/9/4,1190.85,,,,
2018/9/5,1196.7,,,,
2018/9/6,1205.15,,,,
2018/9/7,1198.9,,,,
2018/9/10,1196.6,,,,
2018/9/11,1189.85,,,,
2018/9/12,1195.6,,,,
2018/9/13,1209.8,,,,
2018/9/14,1201.95,,,,
2018/9/17,1201.9,,,,
2018/9/18,1200.2,,,,
2018/9/19,1203.3,,,,
2018/9/20,1208.35,,,,
2018/9/21,1198.7,,,,
2018/9/24,1202.75,,,,
2018/9/25,1201.9,,,,
2018/9/26,1194.25,,,,
2018/9/27,1185.4,,,,
2018/9/28,1187.25,,,,
2018/10/1,1189.35,,,,
2018/10/2,1204.7,,,,
2018/10/3,1201.2,,,,
2018/10/4,1203.45,,,,
2018/10/5,1203.8,,,,
2018/10/8,1186.95,,,,
2018/10/9,1185.55,,,,
2018/10/10,1188.6,,,,
2018/10/11,1205.55,,,,
2018/10/12,1219.75,,,,
2018/10/15,1229.95,,,,
2018/10/16,1230.7,,,,
2018/10/17,1229.05,,,,
2018/10/18,1223,,,,
2018/10/19,1227.85,,,,
2018/10/22,1222.3,,,,
2018/10/23,1235.95,,,,
2018/10/24,1230.55,,,,
2018/10/25,1230.8,,,,
2018/10/26,1233.85,,,,
2018/10/29,1230.8,,,,
2018/10/30,1225.4,,,,
2018/10/31,1214.95,,,,
2018/11/1,1231.15,,,,
2018/11/2,1232.1,,,,
2018/11/5,1232.25,,,,
2018/11/6,1231.6,,,,
2018/11/7,1229.95,,,,
2018/11/8,1224.15,,,,
2018/11/9,1211.4,,,,
2018/11/12,1205.55,,,,
2018/11/13,1202.1,,,,
2018/11/14,1203.25,,,,
2018/11/15,1211.85,,,,
2018/11/16,1222.4,,,,
2018/11/19,1221.6,,,,
2018/11/20,1223,,,,
2018/11/21,1226.1,,,,
2018/11/22,1227.05,,,,
2018/11/23,1223.65,,,,
2018/11/26,1223.4,,,,
2018/11/27,1221.2,,,,
2018/11/28,1213.25,,,,
2018/11/29,1226.25,,,,
2018/11/30,1217.55,,,,
2018/12/3,1230.3,,,,
2018/12/4,1240.3,,,,
2018/12/5,1235.9,,,,
2018/12/6,1242.55,,,,
2018/12/7,1243.3,,,,
2018/12/10,1245.35,,,,
2018/12/11,1245.3,,,,
2018/12/12,1245.75,,,,
2018/12/13,1242.75,,,,
2018/12/14,1235.35,,,,
2018/12/17,1241.65,,,,
2018/12/18,1246.3,,,,
2018/12/19,1255,,,,
2018/12/20,1259.75,,,,
2018/12/21,1258.15,,,,
2018/12/27,1268,,,,
2018/12/28,1279,,,,
2019/1/2,1282.9,,,,
2019/1/3,1290.45,,,,
2019/1/4,1279.9,,,,
2019/1/7,1292.2,,,,
2019/1/8,1286.45,,,,
2019/1/9,1288.6,,,,
2019/1/10,1291.9,,,,
2019/1/11,1288.95,,,,
2019/1/14,1292.75,,,,
2019/1/15,1294.4,,,,
2019/1/16,1292.3,,,,
2019/1/17,1290.7,,,,
2019/1/18,1284.2,,,,
2019/1/21,1279.55,,,,
2019/1/22,1282.1,,,,
2019/1/23,1279.8,,,,
2019/1/24,1283.7,,,,
2019/1/25,1293.9,,,,
2019/1/28,1302.15,,,,
2019/1/29,1307.55,,,,
2019/1/30,1310.7,,,,
2019/1/31,1323.25,,,,
2019/2/1,1318.7,,,,
2019/2/4,1312.15,,,,
2019/2/5,1314.2,,,,
2019/2/6,1312.4,,,,
2019/2/7,1310,,,,
2019/2/8,1314.85,,,,
2019/2/11,1306.4,,,,
2019/2/12,1310,,,,
2019/2/13,1312.8,,,,
2019/2/14,1311.45,,,,
2019/2/15,1316.55,,,,
2019/2/18,1325.5,,,,
2019/2/19,1334.15,,,,
2019/2/20,1343.75,,,,
2019/2/21,1331.25,,,,
2019/2/22,1329.05,,,,
2019/2/25,1331.05,,,,
2019/2/26,1325.05,,,,
2019/2/27,1322.85,,,,
2019/2/28,1319.15,,,,
2019/3/1,1311.95,,,,
2019/3/4,1285.4,,,,
2019/3/5,1283.8,,,,
2019/3/6,1285.85,,,,
2019/3/7,1285.3,,,,
2019/3/8,1296.75,,,,
2019/3/11,1292.75,,,,
2019/3/12,1297.05,,,,
2019/3/13,1306.95,,,,
2019/3/14,1295.55,,,,
2019/3/15,1303.5,,,,
2019/3/18,1305.6,,,,
2019/3/19,1307.7,,,,
2019/3/20,1303.7,,,,
2019/3/21,1309.6,,,,
2019/3/22,1311.3,,,,
2019/3/25,1319.55,,,,
2019/3/26,1316.3,,,,
2019/3/27,1309.7,,,,
2019/3/28,1295.15,,,,
2019/3/29,1295.4,,,,
2019/4/1,1293.5,,,,
2019/4/2,1290.3,,,,
2019/4/3,1290.45,,,,
2019/4/4,1283.15,,,,
2019/4/5,1288.45,,,,
2019/4/8,1300,,,,
2019/4/9,1303,,,,
2019/4/10,1305.45,,,,
2019/4/11,1298.8,,,,
2019/4/12,1294.3,,,,
2019/4/15,1285.65,,,,
2019/4/16,1276.35,,,,
2019/4/17,1275.85,,,,
2019/4/18,1275.7,,,,
2019/4/23,1269.5,,,,
2019/4/24,1271.65,,,,
2019/4/25,1280.8,,,,
2019/4/26,1284.2,,,,
2019/4/29,1279.5,,,,
2019/4/30,1282.3,,,,
2019/5/1,1283.8,,,,
2019/5/2,1270.95,,,,
2019/5/3,1278.55,,,,
2019/5/7,1281.2,,,,
2019/5/8,1285.2,,,,
2019/5/9,1286.1,,,,
2019/5/10,1287.1,,,,
2019/5/13,1295.6,,,,
2019/5/14,1298.4,,,,
2019/5/15,1299.1,,,,
2019/5/16,1291.7,,,,
2019/5/17,1280.8,,,,
2019/5/20,1276.85,,,,
2019/5/21,1271.15,,,,
2019/5/22,1273.8,,,,
2019/5/23,1283.65,,,,
2019/5/24,1282.5,,,,
2019/5/28,1278.3,,,,
2019/5/29,1281.65,,,,
2019/5/30,1280.95,,,,
2019/5/31,1295.55,,,,
2019/6/3,1317.1,,,,
2019/6/4,1324.25,,,,
2019/6/5,1335.05,,,,
2019/6/6,1335.5,,,,
2019/6/7,1340.65,,,,
2019/6/10,1328.6,,,,
2019/6/11,1324.3,,,,
2019/6/12,1332.35,,,,
2019/6/13,1335.9,,,,
2019/6/14,1351.25,,,,
2019/6/17,1341.3,,,,
2019/6/18,1341.35,,,,
2019/6/19,1344.05,,,,
2019/6/20,1379.5,,,,
2019/6/21,1397.15,,,,
2019/6/24,1405.7,,,,
2019/6/25,1431.4,,,,
2019/6/26,1403.95,,,,
2019/6/27,1402.5,,,,
2019/6/28,1409,,,,
2019/7/1,1390.1,,,,
2019/7/2,1391.05,,,,
2019/7/3,1413.5,,,,
2019/7/4,1414.9,,,,
2019/7/5,1388.65,,,,
2019/7/8,1400.1,,,,
2019/7/9,1391.55,,,,
2019/7/10,1408.3,,,,
2019/7/11,1413.75,,,,
2019/7/12,1407.6,,,,
2019/7/15,1412.4,,,,
2019/7/16,1409.85,,,,
2019/7/17,1410.35,,,,
2019/7/18,1417.45,,,,
2019/7/19,1439.7,,,,
2019/7/22,1427.75,,,,
2019/7/23,1425.55,,,,
2019/7/24,1426.95,,,,
2019/7/25,1416.1,,,,
2019/7/26,1420.4,,,,
2019/7/29,1419.05,,,,
2019/7/30,1425.9,,,,
2019/7/31,1427.55,,,,
2019/8/1,1406.8,,,,
2019/8/2,1441.75,,,,
2019/8/5,1465.25,,,,
2019/8/6,1465.25,,,,
2019/8/7,1506.05,,,,
2019/8/8,1495.75,,,,
2019/8/9,1497.7,,,,
2019/8/12,1504.7,,,,
2019/8/13,1498.4,,,,
2019/8/14,1513.25,,,,
2019/8/15,1515.65,,,,
2019/8/16,1515.25,,,,
2019/8/19,1496.6,,,,
2019/8/20,1504.55,,,,
2019/8/21,1503.25,,,,
2019/8/22,1502.05,,,,
2019/8/23,1503.8,,,,
2019/8/27,1532.95,,,,
2019/8/28,1537.15,,,,
2019/8/29,1540.2,,,,
2019/8/30,1528.4,,,,
2019/9/2,1525.95,,,,
2019/9/3,1537.85,,,,
2019/9/4,1546.1,,,,
2019/9/5,1529.1,,,,
2019/9/6,1523.7,,,,
2019/9/9,1509.2,,,,
2019/9/10,1498.25,,,,
2019/9/11,1490.65,,,,
2019/9/12,1515.2,,,,
2019/9/13,1503.1,,,,
2019/9/16,1497.2,,,,
2019/9/17,1502.1,,,,
2019/9/18,1503.5,,,,
2019/9/19,1500.7,,,,
2019/9/20,1501.9,,,,
2019/9/23,1522.1,,,,
2019/9/24,1520.65,,,,
2019/9/25,1528.75,,,,
2019/9/26,1506.4,,,,
2019/9/27,1489.9,,,,
2019/9/30,1485.3,,,,
2019/10/1,1473.45,,,,
2019/10/2,1492.6,,,,
2019/10/3,1517.1,,,,
2019/10/4,1499.15,,,,
2019/10/7,1501.25,,,,
2019/10/8,1505.85,,,,
2019/10/9,1507.25,,,,
2019/10/10,1494.8,,,,
2019/10/11,1479.15,,,,
2019/10/14,1490.6,,,,
2019/10/15,1487.8,,,,
2019/10/16,1485.1,,,,
2019/10/17,1492.65,,,,
2019/10/18,1490,,,,
2019/10/21,1491.65,,,,
2019/10/22,1485.35,,,,
2019/10/23,1494.45,,,,
2019/10/24,1496.55,,,,
2019/10/25,1513.45,,,,
2019/10/28,1492.4,,,,
2019/10/29,1486.75,,,,
2019/10/30,1492.1,,,,
2019/10/31,1510.95,,,,
2019/11/1,1508.8,,,,
2019/11/4,1509.45,,,,
2019/11/5,1488.95,,,,
2019/11/6,1486.05,,,,
2019/11/7,1484.25,,,,
2019/11/8,1464.15,,,,
2019/11/11,1458.7,,,,
2019/11/12,1452.05,,,,
2019/11/13,1462.9,,,,
2019/11/14,1466.65,,,,
2019/11/15,1466.9,,,,
2019/11/18,1467.65,,,,
2019/11/19,1468.45,,,,
2019/11/20,1471.7,,,,
2019/11/21,1467.05,,,,
2019/11/22,1464.45,,,,
2019/11/25,1458.4,,,,
2019/11/26,1454.65,,,,
2019/11/27,1454.35,,,,
2019/11/28,1454.65,,,,
2019/11/29,1460.15,,,,
2019/12/2,1461.15,,,,
2019/12/3,1477.3,,,,
2019/12/4,1475.1,,,,
2019/12/5,1475.95,,,,
2019/12/6,1459.65,,,,
2019/12/9,1461.7,,,,
2019/12/10,1464.95,,,,
2019/12/11,1466.8,,,,
2019/12/12,1467.8,,,,
2019/12/13,1466.6,,,,
2019/12/16,1477.9,,,,
2019/12/17,1475.8,,,,
2019/12/18,1474.05,,,,
2019/12/19,1476.7,,,,
2019/12/20,1479,,,,
2019/12/23,1482.1,,,,
2019/12/27,1511.5,,,,
2019/12/30,1514.75,,,,
2020/1/2,1527.1,,,,
2020/1/3,1548.75,,,,
2020/1/6,1573.1,,,,
2020/1/7,1567.85,,,,
2020/1/8,1571.95,,,,
2020/1/9,1550.75,,,,
2020/1/10,1553.6,,,,
2020/1/13,1549.9,,,,
2020/1/14,1545.1,,,,
2020/1/15,1549,,,,
2020/1/16,1554.55,,,,
2020/1/17,1557.6,,,,
2020/1/20,1560.15,,,,
2020/1/21,1551.3,,,,
2020/1/22,1556.9,,,,
2020/1/23,1562.9,,,,
2020/1/24,1564.3,,,,
2020/1/27,1580.1,,,,
2020/1/28,1574,,,,
2020/1/29,1573.45,,,,
2020/1/30,1578.25,,,,
2020/1/31,1584.2,,,,
2020/2/3,1574.75,,,,
2020/2/4,1558.35,,,,
2020/2/5,1553.3,,,,
2020/2/6,1563.3,,,,
2020/2/7,1572.65,,,,
2020/2/10,1573.2,,,,
2020/2/11,1570.5,,,,
2020/2/12,1563.7,,,,
2020/2/13,1575.05,,,,
2020/2/14,1581.4,,,,
2020/2/17,1580.8,,,,
2020/2/18,1589.85,,,,
2020/2/19,1604.2,,,,
2020/2/20,1619,,,,
2020/2/21,1643.3,,,,
2020/2/24,1671.65,,,,
2020/2/25,1650.3,,,,
2020/2/26,1634.9,,,,
2020/2/27,1652,,,,
2020/2/28,1609.85,,,,
2020/3/2,1599.65,,,,
2020/3/3,1615.5,,,,
2020/3/4,1641.85,,,,
2020/3/5,1659.6,,,,
2020/3/6,1683.65,,,,
2020/3/9,1672.5,,,,
2020/3/10,1655.7,,,,
2020/3/11,1653.75,,,,
2020/3/12,1570.7,,,,
2020/3/13,1562.8,,,,
2020/3/16,1487.7,,,,
2020/3/17,1536.2,,,,
2020/3/18,1498.2,,,,
2020/3/19,1474.25,,,,
2020/3/20,1494.4,,,,
2020/3/23,1525.4,,,,
2020/3/24,1605.75,,,,
2020/3/25,1605.45,,,,
2020/3/26,1634.8,,,,
2020/3/27,1617.3,,,,
2020/3/30,1618.3,,,,
2020/3/31,1608.95,,,,
2020/4/1,1576.55,,,,
2020/4/2,1616.8,,,,
2020/4/3,1613.1,,,,
2020/4/6,1648.3,,,,
2020/4/7,1649.25,,,,
2020/4/8,1647.8,,,,
2020/4/9,1680.65,,,,
2020/4/14,1741.9,,,,
2020/4/15,1718.65,,,,
2020/4/16,1729.5,,,,
2020/4/17,1692.55,,,,
2020/4/20,1686.2,,,,
2020/4/21,1682.05,,,,
2020/4/22,1710.55,,,,
2020/4/23,1736.25,,,,
2020/4/24,1715.9,,,,
2020/4/27,1714.95,,,,
2020/4/28,1691.55,,,,
2020/4/29,1703.35,,,,
2020/4/30,1702.75,,,,
2020/5/1,1686.25,,,,
2020/5/4,1709.1,,,,
2020/5/5,1699.55,,,,
2020/5/6,1691.5,,,,
2020/5/7,1704.05,,,,
2020/5/11,1702.75,,,,
2020/5/12,1702.4,,,,
2020/5/13,1708.4,,,,
2020/5/14,1731.6,,,,
2020/5/15,1735.35,,,,
2020/5/18,1734.7,,,,
2020/5/19,1737.95,,,,
2020/5/20,1748.3,,,,
2020/5/21,1724.9,,,,
2020/5/22,1733.55,,,,
2020/5/26,1720.25,,,,
2020/5/27,1694.6,,,,
2020/5/28,1717.35,,,,
2020/5/29,1728.7,,,,
2020/6/1,1730.6,,,,
2020/6/2,1742.15,,,,
2020/6/3,1705.35,,,,
2020/6/4,1700.05,,,,
2020/6/5,1683.45,,,,
2020/6/8,1690.35,,,,
2020/6/9,1713.5,,,,
2020/6/10,1722.05,,,,
2020/6/11,1738.25,,,,
2020/6/12,1733.5,,,,
2020/6/15,1710.45,,,,
2020/6/16,1719.85,,,,
2020/6/17,1724.35,,,,
2020/6/18,1719.5,,,,
2020/6/19,1734.75,,,,
2020/6/22,1761.85,,,,
2020/6/23,1768.9,,,,
2020/6/24,1766.05,,,,
2020/6/25,1756.55,,,,
2020/6/26,1747.6,,,,
2020/6/29,1771.6,,,,
2020/6/30,1768.1,,,,
2020/7/1,1771.05,,,,
2020/7/2,1777.45,,,,
2020/7/3,1772.9,,,,
2020/7/6,1787.9,,,,
2020/7/7,1789.55,,,,
2020/7/8,1811.1,,,,
2020/7/9,1812.1,,,,
2020/7/10,1803.1,,,,
2020/7/13,1807.5,,,,
2020/7/14,1801.9,,,,
2020/7/15,1804.6,,,,
2020/7/16,1807.7,,,,
2020/7/17,1807.35,,,,
2020/7/20,1815.65,,,,
2020/7/21,1842.55,,,,
2020/7/22,1852.4,,,,
2020/7/23,1878.3,,,,
2020/7/24,1902.1,,,,
2020/7/27,1936.65,,,,
2020/7/28,1940.9,,,,
2020/7/29,1950.9,,,,
2020/7/30,1957.65,,,,
2020/7/31,1964.9,,,,
2020/8/3,1958.55,,,,
2020/8/4,1977.9,,,,
2020/8/5,2048.15,,,,
2020/8/6,2067.15,,,,
2020/8/7,2031.15,,,,
2020/8/10,2044.5,,,,
2020/8/11,1939.65,,,,
2020/8/12,1931.9,,,,
2020/8/13,1944.25,,,,
2020/8/14,1944.75,,,,
2020/8/17,1972.85,,,,
2020/8/18,2008.75,,,,
2020/8/19,1981,,,,
2020/8/20,1927.15,,,,
2020/8/21,1924.35,,,,
2020/8/24,1943.95,,,,
2020/8/25,1911.15,,,,
2020/8/26,1932.95,,,,
2020/8/27,1923.85,,,,
2020/8/28,1957.35,,,,
2020/9/1,1972.35,,,,
2020/9/2,1947.05,,,,
2020/9/3,1940.45,,,,
2020/9/4,1926.3,,,,
2020/9/7,1928.45,,,,
2020/9/8,1910.95,,,,
2020/9/9,1947.2,,,,
2020/9/10,1966.25,,,,
2020/9/11,1947.4,,,,
2020/9/14,1958.7,,,,
2020/9/15,1949.35,,,,
2020/9/16,1961.8,,,,
2020/9/17,1936.25,,,,
2020/9/18,1950.85,,,,
2020/9/21,1909.35,,,,
2020/9/22,1906,,,,
2020/9/23,1873.4,,,,
2020/9/24,1861.75,,,,
2020/9/25,1859.7,,,,
2020/9/28,1864.3,,,,
2020/9/29,1883.95,,,,
2020/9/30,1886.9,,,,
2020/10/1,1902,,,,
2020/10/2,1903.05,,,,
2020/10/5,1909.6,,,,
2020/10/6,1913.4,,,,
2020/10/7,1884.5,,,,
2020/10/8,1887.45,,,,
2020/10/9,1923.25,,,,
2020/10/12,1925.5,,,,
2020/10/13,1891.3,,,,
2020/10/14,1910.05,,,,
2020/10/15,1891.9,,,,
2020/10/16,1905.05,,,,
2020/10/19,1905.6,,,,
2020/10/20,1898.4,,,,
2020/10/21,1924.15,,,,Â·
2020/10/22,1900.95,,,,
2020/10/23,1903.65,,,,
2020/10/26,1898.45,,,,
2020/10/27,1905.7,,,,
2020/10/28,1869.95,,,,
2020/10/29,1870.3,,,,
2020/10/30,1881.85,,,,
2020/11/2,1889.9,,,,
2020/11/3,1908.3,,,,
2020/11/4,1900.15,,,,
2020/11/5,1938.45,,,,
2020/11/6,1940.8,,,,
2020/11/9,1867.3,,,,
2020/11/10,1878.7,,,,
2020/11/11,1860.95,,,,
2020/11/12,1874.85,,,,
2020/11/13,1890.9,,,,
2020/11/16,1885.6,,,,
2020/11/17,1889.05,,,,
2020/11/18,1876.1,,,,
2020/11/19,1857.35,,,,
2020/11/20,1875.7,,,,
2020/11/23,1840.2,,,,
2020/11/24,1799.6,,,,
2020/11/25,1810.2,,,,
2020/11/26,1807.4,,,,
2020/11/27,1779.3,,,,
2020/11/30,1762.55,,,,
2020/12/1,1810.75,,,,
2020/12/2,1822.6,,,,
2020/12/3,1832.35,,,,
2020/12/4,1843,,,,
2020/12/7,1859.95,,,,
2020/12/8,1868.15,,,,
2020/12/9,1841.75,,,,
2020/12/10,1844.35,,,,
2020/12/11,1842,,,,
2020/12/14,1831.15,,,,
2020/12/15,1850.65,,,,
2020/12/16,1851.95,,,,
2020/12/17,1890.75,,,,
2020/12/18,1879.75,,,,
2020/12/21,1880,,,,
2020/12/22,1877.1,,,,
2020/12/23,1875,,,,
2020/12/29,1874.3,,,,
2020/12/30,1887.6,,,,
2021/1/4,1943.2,,,,
2021/1/5,1940.35,,,,
2021/1/6,1931.95,,,,
2021/1/7,1920.1,,,,
2021/1/8,1862.9,,,,
2021/1/11,1847.25,,,,
2021/1/12,1841.25,,,,
2021/1/13,1858.85,,,,
2021/1/14,1841.75,,,,
2021/1/15,1839,,,,
2021/1/18,1833.05,,,,
2021/1/19,1834.7,,,,
2021/1/20,1856.6,,,,
2021/1/21,1862.1,,,,
2021/1/22,1852.7,,,,
2021/1/25,1856.85,,,,
2021/1/26,1856.6,,,,
2021/1/27,1843,,,,
2021/1/28,1853.7,,,,
2021/1/29,1863.8,,,,
2021/2/1,1862.95,,,,
2021/2/2,1833.1,,,,
2021/2/3,1835.45,,,,
2021/2/4,1785.9,,,,
2021/2/5,1802.95,,,,
2021/2/8,1835.25,,,,
2021/2/9,1839.6,,,,
2021/2/10,1842.65,,,,
2021/2/11,1840.1,,,,
2021/2/12,1816.35,,,,
2021/2/15,1817.3,,,,
2021/2/16,1794.25,,,,
2021/2/17,1780.7,,,,
2021/2/18,1773.15,,,,
2021/2/19,1786.2,,,,
2021/2/22,1807.45,,,,
2021/2/23,1799.65,,,,
2021/2/24,1788,,,,
2021/2/25,1779.65,,,,
2021/2/26,1742.85,,,,
2021/3/1,1734.15,,,,
2021/3/2,1723.85,,,,
2021/3/3,1711.4,,,,
2021/3/4,1712.1,,,,
2021/3/5,1696.25,,,,
2021/3/8,1687.05,,,,
2021/3/9,1716.9,,,,
2021/3/10,1716.2,,,,
2021/3/11,1724.25,,,,
2021/3/12,1704.8,,,,
2021/3/15,1723.65,,,,
2021/3/16,1735,,,,
2021/3/17,1729.65,,,,
2021/3/18,1725.9,,,,
2021/3/19,1735.2,,,,
2021/3/22,1736.15,,,,
2021/3/23,1726.2,,,,
2021/3/24,1730.5,,,,
2021/3/25,1737.3,,,,
2021/3/26,1731.8,,,,
2021/3/29,1705.95,,,,
2021/3/30,1683.95,,,,
2021/3/31,1691.05,,,,
2021/4/1,1726.05,,,,
2021/4/6,1744.65,,,,
2021/4/7,1738.05,,,,
2021/4/8,1755.5,,,,
2021/4/9,1741.2,,,,
2021/4/12,1732.85,,,,
2021/4/13,1747.95,,,,
2021/4/14,1735.55,,,,
2021/4/15,1757.2,,,,
2021/4/16,1774.45,,,,
2021/4/19,1774.5,,,,
2021/4/20,1777.85,,,,
2021/4/21,1798.2,,,,
2021/4/22,1787.75,,,,
2021/4/23,1781.8,,,,
2021/4/26,1773.35,,,,
2021/4/27,1784.15,,,,
2021/4/28,1772.2,,,,
2021/4/29,1762.65,,,,
2021/4/30,1767.65,,,,
2021/5/4,1797.75,,,,
2021/5/5,1782.25,,,,
2021/5/6,1813.15,,,,
2021/5/7,1836.55,,,,
2021/5/10,1840.45,,,,
2021/5/11,1829.1,,,,
2021/5/12,1830.7,,,,
2021/5/13,1821.8,,,,
2021/5/14,1838.1,,,,
2021/5/17,1853.7,,,,
2021/5/18,1866.75,,,,
2021/5/19,1888.45,,,,
2021/5/20,1878.3,,,,
2021/5/21,1875.9,,,,
2021/5/24,1880.15,,,,
2021/5/25,1887,,,,
2021/5/26,1899.75,,,,
2021/5/27,1891.45,,,,
2021/5/28,1899.95,,,,
2021/6/1,1899.35,,,,
2021/6/2,1902.75,,,,
2021/6/3,1866.55,,,,
2021/6/4,1890.6,,,,
2021/6/7,1888.4,,,,
2021/6/8,1893.15,,,,
2021/6/9,1894.6,,,,
2021/6/10,1888.65,,,,
2021/6/11,1881.05,,,,
2021/6/14,1865.6,,,,
2021/6/15,1865.1,,,,
2021/6/16,1860.75,,,,
2021/6/17,1778.7,,,,
2021/6/18,1773.1,,,,
2021/6/21,1775.05,,,,
2021/6/22,1775.05,,,,
2021/6/23,1791.6,,,,
2021/6/24,1784.85,,,,
2021/6/25,1786.65,,,,
2021/6/28,1780.3,,,,
2021/6/29,1755.45,,,,
2021/6/30,1763.15,,,,
2021/7/1,1781.5,,,,
2021/7/2,1786.15,,,,
2021/7/5,1791.35,,,,
2021/7/6,1809.85,,,,
2021/7/7,1804.65,,,,
2021/7/8,1807.7,,,,
2021/7/9,1806,,,,
2021/7/12,1792.4,,,,
2021/7/13,1813.85,,,,
2021/7/14,1823.2,,,,
2021/7/15,1823.75,,,,
2021/7/16,1824.3,,,,
2021/7/19,1814.9,,,,
2021/7/20,1823.05,,,,
2021/7/21,1802.15,,,,
2021/7/22,1799.45,,,,
2021/7/23,1799.6,,,,
2021/7/26,1800.2,,,,
2021/7/27,1800.35,,,,
2021/7/28,1796.6,,,,
2021/7/29,1829.3,,,,
2021/7/30,1825.75,,,,
2021/8/2,1811.45,,,,
2021/8/3,1812.65,,,,
2021/8/4,1829.1,,,,
2021/8/5,1800.75,,,,
2021/8/6,1762.9,,,,
2021/8/9,1738.85,,,,
2021/8/10,1723.35,,,,
2021/8/11,1743.6,,,,
2021/8/12,1747.4,,,,
2021/8/13,1773.85,,,,
2021/8/16,1786.35,,,,
2021/8/17,1789.45,,,,
2021/8/18,1783.45,,,,
2021/8/19,1782.05,,,,
2021/8/20,1779.05,,,,
2021/8/23,1802,,,,
2021/8/24,1808.45,,,,
2021/8/25,1788.7,,,,
2021/8/26,1786.6,,,,
2021/8/27,1798.5,,,,
2021/8/31,1814.85,,,,
2021/9/1,1811.8,,,,
2021/9/2,1812.55,,,,
2021/9/3,1823.7,,,,
2021/9/6,1821.6,,,,
2021/9/7,1802.15,,,,
2021/9/8,1786,,,,
2021/9/9,1788.25,,,,
2021/9/10,1794.6,,,,
