,Date,USD(PM),Value,DealDay
0,2016-09-11 00:00:00,1324.6,621.65,0
1,2016-09-12 00:00:00,1324.6,609.67,1
2,2016-09-13 00:00:00,1323.65,610.92,1
3,2016-09-14 00:00:00,1321.75,608.82,1
4,2016-09-15 00:00:00,1310.8,610.38,1
5,2016-09-16 00:00:00,1308.35,609.11,1
6,2016-09-17 00:00:00,1308.35,607.04,0
7,2016-09-18 00:00:00,1308.35,611.58,0
8,2016-09-19 00:00:00,1314.85,610.19,1
9,2016-09-20 00:00:00,1313.8,608.66,1
10,2016-09-21 00:00:00,1326.1,598.88,1
11,2016-09-22 00:00:00,1339.1,597.42,1
12,2016-09-23 00:00:00,1338.65,594.08,1
13,2016-09-24 00:00:00,1338.65,603.88,0
14,2016-09-25 00:00:00,1338.65,601.74,0
15,2016-09-26 00:00:00,1340.5,598.98,1
16,2016-09-27 00:00:00,1327,605.96,1
17,2016-09-28 00:00:00,1322.5,605.67,1
18,2016-09-29 00:00:00,1318.1,603.85,1
19,2016-09-30 00:00:00,1322.5,609.39,1
20,2016-10-01 00:00:00,1322.5,614.82,0
21,2016-10-02 00:00:00,1322.5,612.98,0
22,2016-10-03 00:00:00,1313.3,611.85,1
23,2016-10-04 00:00:00,1283.3,609.62,1
24,2016-10-05 00:00:00,1269.4,607.18,1
25,2016-10-06 00:00:00,1254.5,612.08,1
26,2016-10-07 00:00:00,1258.75,617.21,1
27,2016-10-08 00:00:00,1258.75,614.74,0
28,2016-10-09 00:00:00,1258.75,615.65,0
29,2016-10-10 00:00:00,1259.5,617.54,1
30,2016-10-11 00:00:00,1253.45,614.77,1
31,2016-10-12 00:00:00,1256.5,635.01,1
32,2016-10-13 00:00:00,1261.05,635.96,1
33,2016-10-14 00:00:00,1251.75,634.02,1
34,2016-10-15 00:00:00,1251.75,637.94,0
35,2016-10-16 00:00:00,1251.75,641.42,0
36,2016-10-17 00:00:00,1254.8,638.97,1
37,2016-10-18 00:00:00,1258.2,636.29,1
38,2016-10-19 00:00:00,1269.05,629.25,1
39,2016-10-20 00:00:00,1271.65,627.72,1
40,2016-10-21 00:00:00,1266.05,631.92,1
41,2016-10-22 00:00:00,1266.05,655.48,0
42,2016-10-23 00:00:00,1266.05,653.25,0
43,2016-10-24 00:00:00,1265.55,651.39,1
44,2016-10-25 00:00:00,1269.4,655.31,1
45,2016-10-26 00:00:00,1270.5,651.45,1
46,2016-10-27 00:00:00,1266.25,682.22,1
47,2016-10-28 00:00:00,1273,687.68,1
48,2016-10-29 00:00:00,1273,685.91,0
49,2016-10-30 00:00:00,1273,698,0
50,2016-10-31 00:00:00,1272,702,1
51,2016-11-01 00:00:00,1288.45,697.01,1
52,2016-11-02 00:00:00,1303.75,733.33,1
53,2016-11-03 00:00:00,1301,686.17,1
54,2016-11-04 00:00:00,1302.8,683.69,1
55,2016-11-05 00:00:00,1302.8,704.79,0
56,2016-11-06 00:00:00,1302.8,712,0
57,2016-11-07 00:00:00,1283.05,709.96,1
58,2016-11-08 00:00:00,1282.35,708.97,1
59,2016-11-09 00:00:00,1281.4,720.93,1
60,2016-11-10 00:00:00,1267.5,721.5,1
61,2016-11-11 00:00:00,1236.45,715.45,1
62,2016-11-12 00:00:00,1236.45,703.71,0
63,2016-11-13 00:00:00,1236.45,702.28,0
64,2016-11-14 00:00:00,1213.6,706.46,1
65,2016-11-15 00:00:00,1226.95,710.91,1
66,2016-11-16 00:00:00,1229.2,711.73,1
67,2016-11-17 00:00:00,1226.75,736.96,1
68,2016-11-18 00:00:00,1211,747.52,1
69,2016-11-19 00:00:00,1211,748.98,0
70,2016-11-20 00:00:00,1211,729.06,0
71,2016-11-21 00:00:00,1214.25,738.53,1
72,2016-11-22 00:00:00,1212.25,736.97,1
73,2016-11-23 00:00:00,1185.35,741.63,1
74,2016-11-24 00:00:00,1186.1,737.45,1
75,2016-11-25 00:00:00,1187.7,735.64,1
76,2016-11-26 00:00:00,1187.7,733.67,0
77,2016-11-27 00:00:00,1187.7,727.96,0
78,2016-11-28 00:00:00,1187,727.31,1
79,2016-11-29 00:00:00,1186.55,732.71,1
80,2016-11-30 00:00:00,1178.1,742.69,1
81,2016-12-01 00:00:00,1161.85,742.05,1
82,2016-12-02 00:00:00,1173.5,772.43,1
83,2016-12-03 00:00:00,1173.5,764.33,0
84,2016-12-04 00:00:00,1173.5,762.97,0
85,2016-12-05 00:00:00,1162.2,754.63,1
86,2016-12-06 00:00:00,1172.5,756.62,1
87,2016-12-07 00:00:00,1177.65,758.99,1
88,2016-12-08 00:00:00,1171.05,769.72,1
89,2016-12-09 00:00:00,1163.6,770.02,1
90,2016-12-10 00:00:00,1163.6,769.08,0
91,2016-12-11 00:00:00,1163.6,777,0
92,2016-12-12 00:00:00,1156.1,777,1
93,2016-12-13 00:00:00,1158.55,777.99,1
94,2016-12-14 00:00:00,1162.25,774.89,1
95,2016-12-15 00:00:00,1126.95,776.75,1
96,2016-12-16 00:00:00,1131.6,775.88,1
97,2016-12-17 00:00:00,1131.6,788.7,0
98,2016-12-18 00:00:00,1131.6,788.4,0
99,2016-12-19 00:00:00,1136.25,788.67,1
100,2016-12-20 00:00:00,1125.7,793.09,1
101,2016-12-21 00:00:00,1133.65,824.21,1
102,2016-12-22 00:00:00,1131.35,834.97,1
103,2016-12-23 00:00:00,1131.35,901.31,0
104,2016-12-24 00:00:00,1131.35,891.61,0
105,2016-12-25 00:00:00,1131.35,892.6,0
106,2016-12-26 00:00:00,1131.35,897.33,0
107,2016-12-27 00:00:00,1131.35,930.37,0
108,2016-12-28 00:00:00,1134.6,930.34,1
109,2016-12-29 00:00:00,1145.9,963.38,1
110,2016-12-30 00:00:00,1145.9,952.15,0
111,2016-12-31 00:00:00,1145.9,958.12,0
112,2017-01-01 00:00:00,1145.9,997.72,0
113,2017-01-02 00:00:00,1145.9,1015.97,0
114,2017-01-03 00:00:00,1151,1013.42,1
115,2017-01-04 00:00:00,1164.25,1126.76,1
116,2017-01-05 00:00:00,1176.7,994.67,1
117,2017-01-06 00:00:00,1175.85,999.65,1
118,2017-01-07 00:00:00,1175.85,896.83,0
119,2017-01-08 00:00:00,1175.85,908.14,0
120,2017-01-09 00:00:00,1178.5,910.49,1
121,2017-01-10 00:00:00,1189.5,906.05,1
122,2017-01-11 00:00:00,1178.55,785.22,1
123,2017-01-12 00:00:00,1205.05,780.92,1
124,2017-01-13 00:00:00,1190.35,826.29,1
125,2017-01-14 00:00:00,1190.35,817.91,0
126,2017-01-15 00:00:00,1190.35,819.55,0
127,2017-01-16 00:00:00,1203,830.5,1
128,2017-01-17 00:00:00,1216.05,903.84,1
129,2017-01-18 00:00:00,1214.75,906.6,1
130,2017-01-19 00:00:00,1196.05,895.798875,1
131,2017-01-20 00:00:00,1200.55,893.6210875,1
132,2017-01-21 00:00:00,1200.55,895.64,0
133,2017-01-22 00:00:00,1200.55,918.603625,0
134,2017-01-23 00:00:00,1212.85,922.0736125,1
135,2017-01-24 00:00:00,1216.8,919.97,1
136,2017-01-25 00:00:00,1195,893.045625,1
137,2017-01-26 00:00:00,1189.7,915.95625,1
138,2017-01-27 00:00:00,1184.85,915.05,1
139,2017-01-28 00:00:00,1184.85,920.31225,0
140,2017-01-29 00:00:00,1184.85,915.933,0
141,2017-01-30 00:00:00,1192.8,912.19,1
142,2017-01-31 00:00:00,1212.8,964.706075,1
143,2017-02-01 00:00:00,1203.65,979.703875,1
144,2017-02-02 00:00:00,1221.95,983.42,1
145,2017-02-03 00:00:00,1215.2,1013.027,1
146,2017-02-04 00:00:00,1215.2,1030.999413,0
147,2017-02-05 00:00:00,1215.2,1034.07,0
148,2017-02-06 00:00:00,1226.75,1024.01375,1
149,2017-02-07 00:00:00,1231,1050.11,1
150,2017-02-08 00:00:00,1242.1,1052.84,1
151,2017-02-09 00:00:00,1236.8,976.103,1
152,2017-02-10 00:00:00,1228.3,999.1035,1
153,2017-02-11 00:00:00,1228.3,997.59,0
154,2017-02-12 00:00:00,1228.3,1000.604625,0
155,2017-02-13 00:00:00,1222.25,999.877375,1
156,2017-02-14 00:00:00,1230.75,1001.2,1
157,2017-02-15 00:00:00,1224.4,1012.325988,1
158,2017-02-16 00:00:00,1240.55,1035.208125,1
159,2017-02-17 00:00:00,1241.95,1035.2,1
160,2017-02-18 00:00:00,1241.95,1056.637138,0
161,2017-02-19 00:00:00,1241.95,1052.779286,0
162,2017-02-20 00:00:00,1237.3,1050.87,1
163,2017-02-21 00:00:00,1233.2,1123.788429,1
164,2017-02-22 00:00:00,1236.65,1123.223188,1
165,2017-02-23 00:00:00,1247.9,1130.01,1
166,2017-02-24 00:00:00,1253.65,1174.86625,1
167,2017-02-25 00:00:00,1253.65,1150.605714,0
168,2017-02-26 00:00:00,1253.65,1150.37,0
169,2017-02-27 00:00:00,1257.2,1190.75195,1
170,2017-02-28 00:00:00,1255.6,1187.565286,1
171,2017-03-01 00:00:00,1240.4,1190.89,1
172,2017-03-02 00:00:00,1238.1,1259.410817,1
173,2017-03-03 00:00:00,1226.5,1285.14,1
174,2017-03-04 00:00:00,1226.5,1287,0
175,2017-03-05 00:00:00,1226.5,1270.9333,0
176,2017-03-06 00:00:00,1230.95,1275.197375,1
177,2017-03-07 00:00:00,1216.65,1279.5,1
178,2017-03-08 00:00:00,1209.2,1157.3933,1
179,2017-03-09 00:00:00,1206.55,1192.469143,1
180,2017-03-10 00:00:00,1202.65,1192.09,1
181,2017-03-11 00:00:00,1202.65,1179.159875,0
182,2017-03-12 00:00:00,1202.65,1227.494625,0
183,2017-03-13 00:00:00,1204.2,1227.68,1
184,2017-03-14 00:00:00,1204.6,1245.370786,1
185,2017-03-15 00:00:00,1198.8,1257.399625,1
186,2017-03-16 00:00:00,1229.35,1257,1
187,2017-03-17 00:00:00,1229.6,1091.171888,1
188,2017-03-18 00:00:00,1229.6,952.2323625,0
189,2017-03-19 00:00:00,1229.6,967.69,0
190,2017-03-20 00:00:00,1232.4,1049.084488,1
191,2017-03-21 00:00:00,1241.6,1118.630043,1
192,2017-03-22 00:00:00,1249.05,1113,1
193,2017-03-23 00:00:00,1247.5,1038.789,1
194,2017-03-24 00:00:00,1247.5,941.9197143,1
195,2017-03-25 00:00:00,1247.5,927.93,0
196,2017-03-26 00:00:00,1247.5,956.7863125,0
197,2017-03-27 00:00:00,1257.55,1037.22925,1
198,2017-03-28 00:00:00,1257.25,1041.04,1
199,2017-03-29 00:00:00,1251.1,1040.5755,1
200,2017-03-30 00:00:00,1248.8,1037.90455,1
201,2017-03-31 00:00:00,1244.85,1034.74,1
202,2017-04-01 00:00:00,1244.85,1086.929571,0
203,2017-04-02 00:00:00,1244.85,1099.169125,0
204,2017-04-03 00:00:00,1247.25,1079.99,1
205,2017-04-04 00:00:00,1257.65,1141.600363,1
206,2017-04-05 00:00:00,1245.8,1133.079314,1
207,2017-04-06 00:00:00,1252.5,1133.53,1
208,2017-04-07 00:00:00,1266.45,1190.45425,1
209,2017-04-08 00:00:00,1266.45,1181.149838,0
210,2017-04-09 00:00:00,1266.45,1184.03,0
211,2017-04-10 00:00:00,1250.05,1207.744875,1
212,2017-04-11 00:00:00,1252.9,1226.617038,1
213,2017-04-12 00:00:00,1274.3,1219.09,1
214,2017-04-13 00:00:00,1284.15,1180.023713,1
215,2017-04-14 00:00:00,1284.15,1185.260057,0
216,2017-04-15 00:00:00,1284.15,1170.36,0
217,2017-04-16 00:00:00,1284.15,1186.927413,0
218,2017-04-17 00:00:00,1284.15,1205.634875,0
219,2017-04-18 00:00:00,1278.95,1176.97,1
220,2017-04-19 00:00:00,1279.05,1217.930088,1
221,2017-04-20 00:00:00,1282.1,1241.686325,1
222,2017-04-21 00:00:00,1281.85,1236.63,1
223,2017-04-22 00:00:00,1281.85,1261.311225,0
224,2017-04-23 00:00:00,1281.85,1257.988113,0
225,2017-04-24 00:00:00,1269.4,1240.84,1
226,2017-04-25 00:00:00,1267.8,1279.414688,1
227,2017-04-26 00:00:00,1261.85,1309.109875,1
228,2017-04-27 00:00:00,1262.8,1288.02,1
229,2017-04-28 00:00:00,1266.45,1331.294429,1
230,2017-04-29 00:00:00,1266.45,1334.979038,0
231,2017-04-30 00:00:00,1266.45,1333,0
232,2017-05-01 00:00:00,1266.45,1417.172813,0
233,2017-05-02 00:00:00,1255.45,1452.076288,1
234,2017-05-03 00:00:00,1250.3,1447.55,1
235,2017-05-04 00:00:00,1228.45,1508.292125,1
236,2017-05-05 00:00:00,1228.05,1533.335071,1
237,2017-05-06 00:00:00,1228.05,1518.75,0
238,2017-05-07 00:00:00,1228.05,1535.868429,0
239,2017-05-08 00:00:00,1229.8,1640.619225,1
240,2017-05-09 00:00:00,1220.4,1651.1,1
241,2017-05-10 00:00:00,1222.95,1762.88625,1
242,2017-05-11 00:00:00,1223.15,1820.990563,1
243,2017-05-12 00:00:00,1231.25,1829,1
244,2017-05-13 00:00:00,1231.25,1771.920013,0
245,2017-05-14 00:00:00,1231.25,1776.3165,0
246,2017-05-15 00:00:00,1233.3,1780,1
247,2017-05-16 00:00:00,1234.2,1739.031975,1
248,2017-05-17 00:00:00,1257.4,1807.485063,1
249,2017-05-18 00:00:00,1255.9,1783.98,1
250,2017-05-19 00:00:00,1252,1961.520488,1
251,2017-05-20 00:00:00,1252,2052.909788,0
252,2017-05-21 00:00:00,1252,2008.84,0
253,2017-05-22 00:00:00,1258.85,2090.662313,1
254,2017-05-23 00:00:00,1260.2,2287.710288,1
255,2017-05-24 00:00:00,1252.55,2256.32,1
256,2017-05-25 00:00:00,1256.95,2387.206286,1
257,2017-05-26 00:00:00,1265.05,2211.976857,1
258,2017-05-27 00:00:00,1265.05,2279.82,0
259,2017-05-28 00:00:00,1265.05,2192.9808,0
260,2017-05-29 00:00:00,1265.05,2275.9307,0
261,2017-05-30 00:00:00,1262.7,2290.02,1
262,2017-05-31 00:00:00,1266.2,2285.933914,1
263,2017-06-01 00:00:00,1264.85,2399.242671,1
264,2017-06-02 00:00:00,1274.95,2409.93,1
265,2017-06-03 00:00:00,1274.95,2525.765158,0
266,2017-06-04 00:00:00,1274.95,2516.173143,0
267,2017-06-05 00:00:00,1279.95,2529.53,1
268,2017-06-06 00:00:00,1293.5,2883.313697,1
269,2017-06-07 00:00:00,1291,2664.920863,1
270,2017-06-08 00:00:00,1273.1,2683.03,1
271,2017-06-09 00:00:00,1266.55,2827.4913,1
272,2017-06-10 00:00:00,1266.55,2845.372857,0
273,2017-06-11 00:00:00,1266.55,2898.63,0
274,2017-06-12 00:00:00,1266.4,2657.675063,1
275,2017-06-13 00:00:00,1262,2748.185086,1
276,2017-06-14 00:00:00,1275.5,2706,1
277,2017-06-15 00:00:00,1254.55,2442.48025,1
278,2017-06-16 00:00:00,1255.4,2464.959814,1
279,2017-06-17 00:00:00,1255.4,2477.94,0
280,2017-06-18 00:00:00,1255.4,2507.389252,0
281,2017-06-19 00:00:00,1248.15,2617.210263,1
282,2017-06-20 00:00:00,1242.2,2600,1
283,2017-06-21 00:00:00,1242.5,2671.04325,1
284,2017-06-22 00:00:00,1250.8,2727.288013,1
285,2017-06-23 00:00:00,1255.7,2713.48,1
286,2017-06-24 00:00:00,1255.7,2589.164888,0
287,2017-06-25 00:00:00,1255.7,2512.366286,0
288,2017-06-26 00:00:00,1245.25,2502.03,1
289,2017-06-27 00:00:00,1249.55,2517.903114,1
290,2017-06-28 00:00:00,1248,2585.349186,1
291,2017-06-29 00:00:00,1243.5,2558.3,1
292,2017-06-30 00:00:00,1242.25,2477.641375,1
293,2017-07-01 00:00:00,1242.25,2501.191343,0
294,2017-07-02 00:00:00,1242.25,2421.26,0
295,2017-07-03 00:00:00,1229.25,2561.225429,1
296,2017-07-04 00:00:00,1223.75,2599.729838,1
297,2017-07-05 00:00:00,1220.3,2598.89,1
298,2017-07-06 00:00:00,1224.9,2609.96775,1
299,2017-07-07 00:00:00,1215.65,2491.201214,1
300,2017-07-08 00:00:00,1215.65,2502.86,0
301,2017-07-09 00:00:00,1215.65,2536.238938,0
302,2017-07-10 00:00:00,1211.9,2366.170143,1
303,2017-07-11 00:00:00,1211.05,2327.09,1
304,2017-07-12 00:00:00,1218.8,2385.748571,1
305,2017-07-13 00:00:00,1218.9,2354.783417,1
306,2017-07-14 00:00:00,1230.3,2338.49,1
307,2017-07-15 00:00:00,1230.3,2058.9956,0
308,2017-07-16 00:00:00,1230.3,1931.2143,0
309,2017-07-17 00:00:00,1234.1,1910.96,1
310,2017-07-18 00:00:00,1240.75,2320.12225,1
311,2017-07-19 00:00:00,1242.15,2264.7657,1
312,2017-07-20 00:00:00,1238.7,2265.21,1
313,2017-07-21 00:00:00,1248.55,2682.195363,1
314,2017-07-22 00:00:00,1248.55,2807.609857,0
315,2017-07-23 00:00:00,1248.55,2825.51,0
316,2017-07-24 00:00:00,1255.55,2751.821029,1
317,2017-07-25 00:00:00,1254.4,2560.997917,1
318,2017-07-26 00:00:00,1248.1,2564.3,1
319,2017-07-27 00:00:00,1261.1,2647.625,1
320,2017-07-28 00:00:00,1264.9,2781.636583,1
321,2017-07-29 00:00:00,1264.9,2784.8,0
322,2017-07-30 00:00:00,1264.9,2745.955417,0
323,2017-07-31 00:00:00,1267.55,2866.431667,1
324,2017-08-01 00:00:00,1270.95,2862.9,1
325,2017-08-02 00:00:00,1269.6,2693.633983,1
326,2017-08-03 00:00:00,1268.1,2794.117717,1
327,2017-08-04 00:00:00,1257.7,2790,1
328,2017-08-05 00:00:00,1257.7,3218.115017,0
329,2017-08-06 00:00:00,1257.7,3252.562533,0
330,2017-08-07 00:00:00,1258,3210.2,1
331,2017-08-08 00:00:00,1261.8,3457.374333,1
332,2017-08-09 00:00:00,1271.05,3357.326317,1
333,2017-08-10 00:00:00,1284.4,3340.28,1
334,2017-08-11 00:00:00,1286.1,3632.506667,1
335,2017-08-12 00:00:00,1286.1,3852.802914,0
336,2017-08-13 00:00:00,1286.1,3868.52,0
337,2017-08-14 00:00:00,1282.3,4282.992,1
338,2017-08-15 00:00:00,1270.3,4217.028329,1
339,2017-08-16 00:00:00,1272.75,4179.97,1
340,2017-08-17 00:00:00,1285.15,4328.725717,1
341,2017-08-18 00:00:00,1295.8,4130.440067,1
342,2017-08-19 00:00:00,1295.8,4104.71,0
343,2017-08-20 00:00:00,1295.8,4157.958033,0
344,2017-08-21 00:00:00,1292.9,4043.722,1
345,2017-08-22 00:00:00,1284.2,3986.28,1
346,2017-08-23 00:00:00,1286.65,4174.95,1
347,2017-08-24 00:00:00,1289,4340.316717,1
348,2017-08-25 00:00:00,1285.3,4331.77,1
349,2017-08-26 00:00:00,1285.3,4360.513317,0
350,2017-08-27 00:00:00,1285.3,4354.308333,0
351,2017-08-28 00:00:00,1285.3,4339.05,0
352,2017-08-29 00:00:00,1318.65,4607.98545,1
353,2017-08-30 00:00:00,1308.5,4594.98785,1
354,2017-08-31 00:00:00,1311.75,4582.52,1
355,2017-09-01 00:00:00,1320.4,4911.740017,1
356,2017-09-02 00:00:00,1320.4,4580.38748,0
357,2017-09-03 00:00:00,1320.4,4585.57,0
358,2017-09-04 00:00:00,1333.1,4344.098317,1
359,2017-09-05 00:00:00,1335.55,4488.72014,1
360,2017-09-06 00:00:00,1337.85,4385.02,1
361,2017-09-07 00:00:00,1343.5,4654.6585,1
362,2017-09-08 00:00:00,1346.25,4310.750183,1
363,2017-09-09 00:00:00,1346.25,4312.26,0
364,2017-09-10 00:00:00,1346.25,4329.955,0
365,2017-09-11 00:00:00,1334.2,4248.090017,1
366,2017-09-12 00:00:00,1326.5,4198.59,1
367,2017-09-13 00:00:00,1327.55,3961.271267,1
368,2017-09-14 00:00:00,1324.55,3319.63,1
369,2017-09-15 00:00:00,1322.85,3216.43,1
370,2017-09-16 00:00:00,1322.85,3763.62604,0
371,2017-09-17 00:00:00,1322.85,3746.060783,0
372,2017-09-18 00:00:00,1312.1,3678.53,1
373,2017-09-19 00:00:00,1309.6,3943.413333,1
374,2017-09-20 00:00:00,1311.3,3977.561667,1
375,2017-09-21 00:00:00,1292.1,3894.48,1
376,2017-09-22 00:00:00,1294.8,3637.50255,1
377,2017-09-23 00:00:00,1294.8,3776.3869,0
378,2017-09-24 00:00:00,1294.8,3777.62,0
379,2017-09-25 00:00:00,1293.3,3942.555,1
380,2017-09-26 00:00:00,1300.05,3910.307383,1
381,2017-09-27 00:00:00,1282.55,3881,1
382,2017-09-28 00:00:00,1283.35,4201.98905,1
383,2017-09-29 00:00:00,1283.1,4193.574667,1
384,2017-09-30 00:00:00,1283.1,4164.27,0
385,2017-10-01 00:00:00,1283.1,4360.722967,0
386,2017-10-02 00:00:00,1273.7,4386.88375,1
387,2017-10-03 00:00:00,1271.25,4394.07,1
388,2017-10-04 00:00:00,1274.25,4225.175,1
389,2017-10-05 00:00:00,1274.5,4338.852,1
390,2017-10-06 00:00:00,1261.8,4318.58,1
391,2017-10-07 00:00:00,1261.8,4376.191667,0
392,2017-10-08 00:00:00,1261.8,4602.280883,0
393,2017-10-09 00:00:00,1278.75,4605.66,1
394,2017-10-10 00:00:00,1291.4,4782.28,1
395,2017-10-11 00:00:00,1289.25,4819.485767,1
396,2017-10-12 00:00:00,1290.25,4822.17,1
397,2017-10-13 00:00:00,1299.6,5563.806567,1
398,2017-10-14 00:00:00,1299.6,5739.438733,0
399,2017-10-15 00:00:00,1299.6,5825.99,0
400,2017-10-16 00:00:00,1303.3,5711.205867,1
401,2017-10-17 00:00:00,1284.75,5603.71294,1
402,2017-10-18 00:00:00,1280.2,5594.66,1
403,2017-10-19 00:00:00,1286.4,5727.6335,1
404,2017-10-20 00:00:00,1281.2,5979.45984,1
405,2017-10-21 00:00:00,1281.2,5986.44,0
406,2017-10-22 00:00:00,1281.2,5983.18455,0
407,2017-10-23 00:00:00,1274.9,5876.079867,1
408,2017-10-24 00:00:00,1276.45,5900.59,1
409,2017-10-25 00:00:00,1275,5669.622533,1
410,2017-10-26 00:00:00,1273.75,5893.138417,1
411,2017-10-27 00:00:00,1266.45,5889.82,1
412,2017-10-28 00:00:00,1266.45,5776.69695,0
413,2017-10-29 00:00:00,1266.45,6155.43402,0
414,2017-10-30 00:00:00,1272,6136.49,1
415,2017-10-31 00:00:00,1270.15,6388.645167,1
416,2017-11-01 00:00:00,1277.05,6665.306683,1
417,2017-11-02 00:00:00,1279.2,6751.98,1
418,2017-11-03 00:00:00,1267.2,7197.72006,1
419,2017-11-04 00:00:00,1267.2,7437.543317,0
420,2017-11-05 00:00:00,1267.2,7365.99,0
421,2017-11-06 00:00:00,1270.9,6989.071667,1
422,2017-11-07 00:00:00,1275.6,7092.127233,1
423,2017-11-08 00:00:00,1284,7128.64,1
424,2017-11-09 00:00:00,1284.8,7158.03706,1
425,2017-11-10 00:00:00,1284.3,6719.39785,1
426,2017-11-11 00:00:00,1284.3,6569.22,0
427,2017-11-12 00:00:00,1284.3,5716.301583,0
428,2017-11-13 00:00:00,1277.95,6550.227533,1
429,2017-11-14 00:00:00,1274.6,6493.63,1
430,2017-11-15 00:00:00,1282.2,7301.42992,1
431,2017-11-16 00:00:00,1280,7815.0307,1
432,2017-11-17 00:00:00,1284.35,7868.77,1
433,2017-11-18 00:00:00,1284.35,7817.140383,0
434,2017-11-19 00:00:00,1284.35,8007.654067,0
435,2017-11-20 00:00:00,1286.2,8049.72,1
436,2017-11-21 00:00:00,1283.3,8059.8,1
437,2017-11-22 00:00:00,1286.95,8268.035,1
438,2017-11-23 00:00:00,1290.35,8236.72,1
439,2017-11-24 00:00:00,1290.5,8250.978333,1
440,2017-11-25 00:00:00,1290.5,8707.407267,0
441,2017-11-26 00:00:00,1290.5,8768.8,0
442,2017-11-27 00:00:00,1294.9,9718.29505,1
443,2017-11-28 00:00:00,1291.85,9952.50882,1
444,2017-11-29 00:00:00,1283.85,9919,1
445,2017-11-30 00:00:00,1280.2,10147.372,1
446,2017-12-01 00:00:00,1275.5,10883.912,1
447,2017-12-02 00:00:00,1275.5,10879.88,0
448,2017-12-03 00:00:00,1275.5,11332.622,0
449,2017-12-04 00:00:00,1273.45,11584.83,1
450,2017-12-05 00:00:00,1266.3,11591.22,1
451,2017-12-06 00:00:00,1263.7,13540.98,1
452,2017-12-07 00:00:00,1255,16501.97167,1
453,2017-12-08 00:00:00,1250.65,16860.88,1
454,2017-12-09 00:00:00,1250.65,15142.83415,0
455,2017-12-10 00:00:00,1250.65,14869.805,0
456,2017-12-11 00:00:00,1247.15,15068.95,1
457,2017-12-12 00:00:00,1240.9,17276.39333,1
458,2017-12-13 00:00:00,1242.65,16808.36667,1
459,2017-12-14 00:00:00,1251,16252.31,1
460,2017-12-15 00:00:00,1254.6,17771.9,1
461,2017-12-16 00:00:00,1254.6,19498.68333,0
462,2017-12-17 00:00:00,1254.6,19279.9,0
463,2017-12-18 00:00:00,1260.6,18961.85667,1
464,2017-12-19 00:00:00,1260.35,17737.11167,1
465,2017-12-20 00:00:00,1264.55,17382.94,1
466,2017-12-21 00:00:00,1264.55,16047.51,1
467,2017-12-22 00:00:00,1264.55,15190.945,0
468,2017-12-23 00:00:00,1264.55,13776.61,0
469,2017-12-24 00:00:00,1264.55,13949.175,0
470,2017-12-25 00:00:00,1264.55,14119.02833,0
471,2017-12-26 00:00:00,1264.55,13740.94,0
472,2017-12-27 00:00:00,1279.4,15589.32167,1
473,2017-12-28 00:00:00,1291,14380.58167,1
474,2017-12-29 00:00:00,1291,14214.01,0
475,2017-12-30 00:00:00,1291,13215.574,0
476,2017-12-31 00:00:00,1291,14165.575,0
477,2018-01-01 00:00:00,1291,13796,0
478,2018-01-02 00:00:00,1312.05,15005.85667,1
479,2018-01-03 00:00:00,1314.9,15053.26167,1
480,2018-01-04 00:00:00,1314.5,15039.24,1
481,2018-01-05 00:00:00,1317.15,17174.12,1
482,2018-01-06 00:00:00,1317.15,17319.198,0
483,2018-01-07 00:00:00,1317.15,17155.95,0
484,2018-01-08 00:00:00,1319.95,15265.90667,1
485,2018-01-09 00:00:00,1311,14714.25333,1
486,2018-01-10 00:00:00,1319.75,14437.42,1
487,2018-01-11 00:00:00,1323.05,13296.794,1
488,2018-01-12 00:00:00,1326.8,13912.882,1
489,2018-01-13 00:00:00,1326.8,13791.19,0
490,2018-01-14 00:00:00,1326.8,13852.92,0
491,2018-01-15 00:00:00,1339.25,14012.196,1
492,2018-01-16 00:00:00,1333.85,13554.14,1
493,2018-01-17 00:00:00,1335.65,11116.94667,1
494,2018-01-18 00:00:00,1332.2,11345.42333,1
495,2018-01-19 00:00:00,1334.95,11174.82,1
496,2018-01-20 00:00:00,1334.95,12950.79333,0
497,2018-01-21 00:00:00,1334.95,11505.228,0
498,2018-01-22 00:00:00,1332.6,11513.42,1
499,2018-01-23 00:00:00,1333.4,11223.064,1
500,2018-01-24 00:00:00,1353.7,11282.25833,1
501,2018-01-25 00:00:00,1354.95,11392.03,1
502,2018-01-26 00:00:00,1353.15,10969.815,1
503,2018-01-27 00:00:00,1353.15,11524.77667,0
504,2018-01-28 00:00:00,1353.15,11431.37,0
505,2018-01-29 00:00:00,1343.85,11212.655,1
506,2018-01-30 00:00:00,1344.9,10184.06167,1
507,2018-01-31 00:00:00,1345.05,10082.52,1
508,2018-02-01 00:00:00,1341.35,9083.258333,1
509,2018-02-02 00:00:00,1331.15,8901.901667,1
510,2018-02-03 00:00:00,1331.15,8852.73,0
511,2018-02-04 00:00:00,1331.15,8400.648333,0
512,2018-02-05 00:00:00,1333.6,6838.816667,1
513,2018-02-06 00:00:00,1331.4,6925.46,1
514,2018-02-07 00:00:00,1324.65,8099.958333,1
515,2018-02-08 00:00:00,1315.45,8240.536667,1
516,2018-02-09 00:00:00,1314.1,8245.08,1
517,2018-02-10 00:00:00,1314.1,8319.876566,0
518,2018-02-11 00:00:00,1314.1,8343.455,0
519,2018-02-12 00:00:00,1322.3,8068.02,1
520,2018-02-13 00:00:00,1325.35,8597.7675,1
521,2018-02-14 00:00:00,1336.25,9334.633333,1
522,2018-02-15 00:00:00,1352.45,9471.64,1
523,2018-02-16 00:00:00,1352.1,10127.16167,1
524,2018-02-17 00:00:00,1352.1,10841.99167,0
525,2018-02-18 00:00:00,1352.1,11085.83,0
526,2018-02-19 00:00:00,1346.6,11110.965,1
527,2018-02-20 00:00:00,1339.85,11390.39167,1
528,2018-02-21 00:00:00,1330.5,11245.98,1
529,2018-02-22 00:00:00,1328.35,9931.071667,1
530,2018-02-23 00:00:00,1327.95,10162.11667,1
531,2018-02-24 00:00:00,1327.95,10171.3,0
532,2018-02-25 00:00:00,1327.95,9696.593333,0
533,2018-02-26 00:00:00,1333.5,10348.60333,1
534,2018-02-27 00:00:00,1325.75,10319.46,1
535,2018-02-28 00:00:00,1317.85,10370.165,1
536,2018-03-01 00:00:00,1307.75,11009.38167,1
537,2018-03-02 00:00:00,1322.3,10931.12,1
538,2018-03-03 00:00:00,1322.3,11326.94833,0
539,2018-03-04 00:00:00,1322.3,11430.18167,0
540,2018-03-05 00:00:00,1320.4,11516.83,1
541,2018-03-06 00:00:00,1331.4,10763.19833,1
542,2018-03-07 00:00:00,1329.4,10118.058,1
543,2018-03-08 00:00:00,1321,9920.46,1
544,2018-03-09 00:00:00,1320.6,9089.278333,1
545,2018-03-10 00:00:00,1320.6,8746.002,0
546,2018-03-11 00:00:00,1320.6,8777.37,0
547,2018-03-12 00:00:00,1319.15,9182.843333,1
548,2018-03-13 00:00:00,1322.75,9154.7,1
549,2018-03-14 00:00:00,1323.55,9153.54,1
550,2018-03-15 00:00:00,1318.75,8358.121667,1
551,2018-03-16 00:00:00,1310.1,8530.402,1
552,2018-03-17 00:00:00,1310.1,8297.89,0
553,2018-03-18 00:00:00,1310.1,8171.415,0
554,2018-03-19 00:00:00,1312.4,8412.033333,1
555,2018-03-20 00:00:00,1311,8605.64,1
556,2018-03-21 00:00:00,1321.35,8947.753333,1
557,2018-03-22 00:00:00,1329.15,8690.408333,1
558,2018-03-23 00:00:00,1346.6,8725.37,1
559,2018-03-24 00:00:00,1346.6,8662.378333,0
560,2018-03-25 00:00:00,1346.6,8617.296667,0
561,2018-03-26 00:00:00,1352.4,8457.96,1
562,2018-03-27 00:00:00,1341.45,7876.195,1
563,2018-03-28 00:00:00,1332.45,7960.38,1
564,2018-03-29 00:00:00,1323.85,7950.61,1
565,2018-03-30 00:00:00,1323.85,6882.531667,0
566,2018-03-31 00:00:00,1323.85,6935.48,0
567,2018-04-01 00:00:00,1323.85,6937.56,0
568,2018-04-02 00:00:00,1323.85,7035.848333,0
569,2018-04-03 00:00:00,1333.45,7410.435,1
570,2018-04-04 00:00:00,1337.3,7426.48,1
571,2018-04-05 00:00:00,1327.7,6826.51,1
572,2018-04-06 00:00:00,1331.2,6603.876667,1
573,2018-04-07 00:00:00,1331.2,6634.68,0
574,2018-04-08 00:00:00,1331.2,7017.656667,0
575,2018-04-09 00:00:00,1331.95,6699.273333,1
576,2018-04-10 00:00:00,1338.95,6784.41,1
577,2018-04-11 00:00:00,1350.75,6926.266667,1
578,2018-04-12 00:00:00,1341.35,7847.845,1
579,2018-04-13 00:00:00,1343.7,7941.46,1
580,2018-04-14 00:00:00,1343.7,8036.511051,0
581,2018-04-15 00:00:00,1343.7,8340.748333,0
582,2018-04-16 00:00:00,1349.35,8368.1,1
583,2018-04-17 00:00:00,1342.1,7895.416926,1
584,2018-04-18 00:00:00,1351.45,8164.937426,1
585,2018-04-19 00:00:00,1348.6,8175.96,1
586,2018-04-20 00:00:00,1336.75,8852.718333,1
587,2018-04-21 00:00:00,1336.75,8807.205,0
588,2018-04-22 00:00:00,1336.75,8930.6,0
589,2018-04-23 00:00:00,1324.3,8933.861667,1
590,2018-04-24 00:00:00,1328.85,9555.542,1
591,2018-04-25 00:00:00,1321.65,9658.11,1
592,2018-04-26 00:00:00,1320.7,9258.398333,1
593,2018-04-27 00:00:00,1321.5,9010.32,1
594,2018-04-28 00:00:00,1321.5,8928.55,0
595,2018-04-29 00:00:00,1321.5,9334.281667,0
596,2018-04-30 00:00:00,1313.2,9259.57,1
597,2018-05-01 00:00:00,1307.1,9239.55,1
598,2018-05-02 00:00:00,1304.2,9221.426,1
599,2018-05-03 00:00:00,1315.05,9639.268333,1
600,2018-05-04 00:00:00,1309.4,9753.35,1
601,2018-05-05 00:00:00,1309.4,9803.306667,0
602,2018-05-06 00:00:00,1309.4,9630.136277,0
603,2018-05-07 00:00:00,1309.4,9631.44,0
604,2018-05-08 00:00:00,1306.6,9228.608333,1
605,2018-05-09 00:00:00,1313.85,9322.041667,1
606,2018-05-10 00:00:00,1318.8,9310.37,1
607,2018-05-11 00:00:00,1324.35,8468.788,1
608,2018-05-12 00:00:00,1324.35,8484.346667,0
609,2018-05-13 00:00:00,1324.35,8463.52,0
610,2018-05-14 00:00:00,1319.85,8652.038333,1
611,2018-05-15 00:00:00,1295,8511.458,1
612,2018-05-16 00:00:00,1291.25,8471.06,1
613,2018-05-17 00:00:00,1289.5,8106.118333,1
614,2018-05-18 00:00:00,1288.3,8240.055,1
615,2018-05-19 00:00:00,1288.3,8239.08,0
616,2018-05-20 00:00:00,1288.3,8507.406667,0
617,2018-05-21 00:00:00,1288.35,8385.556187,1
618,2018-05-22 00:00:00,1293.05,8396.63,1
619,2018-05-23 00:00:00,1289,7555.74,1
620,2018-05-24 00:00:00,1304.85,7566.193333,1
621,2018-05-25 00:00:00,1303.5,7576.78,1
622,2018-05-26 00:00:00,1303.5,7342.908333,0
623,2018-05-27 00:00:00,1303.5,7361.831667,0
624,2018-05-28 00:00:00,1303.5,7344.56,0
625,2018-05-29 00:00:00,1295.5,7459.876667,1
626,2018-05-30 00:00:00,1300.7,7385.395,1
627,2018-05-31 00:00:00,1305.35,7386.72,1
628,2018-06-01 00:00:00,1294.6,7535.146667,1
629,2018-06-02 00:00:00,1294.6,7645.146667,0
630,2018-06-03 00:00:00,1294.6,7637.14,0
631,2018-06-04 00:00:00,1295.45,7500.273333,1
632,2018-06-05 00:00:00,1292.05,7615.722142,1
633,2018-06-06 00:00:00,1300.1,7619.43,1
634,2018-06-07 00:00:00,1297.25,7676.271667,1
635,2018-06-08 00:00:00,1298.25,7620.153333,1
636,2018-06-09 00:00:00,1298.25,7615.54,0
637,2018-06-10 00:00:00,1298.25,6776.888333,0
638,2018-06-11 00:00:00,1299.6,6875.678333,1
639,2018-06-12 00:00:00,1298.65,6879.31,1
640,2018-06-13 00:00:00,1296.15,6315.7,1
641,2018-06-14 00:00:00,1302.75,6647.013333,1
642,2018-06-15 00:00:00,1285.25,6637.41,1
643,2018-06-16 00:00:00,1285.25,6509.426667,0
644,2018-06-17 00:00:00,1285.25,6464.411667,0
645,2018-06-18 00:00:00,1281.55,6445.79,1
646,2018-06-19 00:00:00,1276.15,6737,1
647,2018-06-20 00:00:00,1274.2,6714.718333,1
648,2018-06-21 00:00:00,1266.15,6760.83,1
649,2018-06-22 00:00:00,1269.15,6332.573333,1
650,2018-06-23 00:00:00,1269.15,6141.605833,0
651,2018-06-24 00:00:00,1269.15,6170.46,0
652,2018-06-25 00:00:00,1268.7,6211.4475,1
653,2018-06-26 00:00:00,1260.3,6218.595,1
654,2018-06-27 00:00:00,1254.6,6097.46,1
655,2018-06-28 00:00:00,1251.55,6107.896154,1
656,2018-06-29 00:00:00,1250.45,5908.7025,1
657,2018-06-30 00:00:00,1250.45,6223.28,0
658,2018-07-01 00:00:00,1250.45,6374.754167,0
659,2018-07-02 00:00:00,1247.8,6466.069167,1
660,2018-07-03 00:00:00,1251.75,6626.44,1
661,2018-07-04 00:00:00,1255.65,6593.289167,1
662,2018-07-05 00:00:00,1255.5,6603.376667,1
663,2018-07-06 00:00:00,1255.35,6555.51,1
664,2018-07-07 00:00:00,1255.35,6594.281667,0
665,2018-07-08 00:00:00,1255.35,6753.559167,0
666,2018-07-09 00:00:00,1262.05,6724.04,1
667,2018-07-10 00:00:00,1254,6510.791667,1
668,2018-07-11 00:00:00,1251.4,6377.363333,1
669,2018-07-12 00:00:00,1245.9,6403.18,1
670,2018-07-13 00:00:00,1241.7,6244.3575,1
671,2018-07-14 00:00:00,1241.7,6241,0
672,2018-07-15 00:00:00,1241.7,6248.84,0
673,2018-07-16 00:00:00,1241.1,6514.390833,1
674,2018-07-17 00:00:00,1232.8,6869.910833,1
675,2018-07-18 00:00:00,1224.5,7321.62,1
676,2018-07-19 00:00:00,1217.55,7396.401667,1
677,2018-07-20 00:00:00,1228.75,7428.045,1
678,2018-07-21 00:00:00,1228.75,7334.99,0
679,2018-07-22 00:00:00,1228.75,7451.289167,0
680,2018-07-23 00:00:00,1224.95,7689.884167,1
681,2018-07-24 00:00:00,1228.35,7715.1,1
682,2018-07-25 00:00:00,1231.5,8251.165,1
683,2018-07-26 00:00:00,1228.25,8187.324167,1
684,2018-07-27 00:00:00,1223.95,7939.81,1
685,2018-07-28 00:00:00,1223.95,8182.251667,0
686,2018-07-29 00:00:00,1223.95,8206.341667,0
687,2018-07-30 00:00:00,1223.8,8220.91,1
688,2018-07-31 00:00:00,1220.95,7916.800833,1
689,2018-08-01 00:00:00,1219,7570.869167,1
690,2018-08-02 00:00:00,1215.45,7607.7,1
691,2018-08-03 00:00:00,1216.3,7394.499167,1
692,2018-08-04 00:00:00,1216.3,7247.769167,0
693,2018-08-05 00:00:00,1216.3,7011.28,0
694,2018-08-06 00:00:00,1209.65,6988.079167,1
695,2018-08-07 00:00:00,1212.35,6993.513333,1
696,2018-08-08 00:00:00,1209.55,6718.23,1
697,2018-08-09 00:00:00,1214.35,6396.7725,1
698,2018-08-10 00:00:00,1214.4,6396.494667,1
699,2018-08-11 00:00:00,1214.4,6138.96,0
700,2018-08-12 00:00:00,1214.4,6311.131667,0
701,2018-08-13 00:00:00,1200.35,6347.07,1
702,2018-08-14 00:00:00,1197,6252.13,1
703,2018-08-15 00:00:00,1182,6362.676923,1
704,2018-08-16 00:00:00,1180.4,6342.629231,1
705,2018-08-17 00:00:00,1178.4,6312.75,1
706,2018-08-18 00:00:00,1178.4,6436.720833,0
707,2018-08-19 00:00:00,1178.4,6404.063333,0
708,2018-08-20 00:00:00,1184.35,6486.58,1
709,2018-08-21 00:00:00,1190.95,6401.246154,1
710,2018-08-22 00:00:00,1196.65,6575.229167,1
711,2018-08-23 00:00:00,1192.35,6354.57,1
712,2018-08-24 00:00:00,1197.7,6543.645714,1
713,2018-08-25 00:00:00,1197.7,6719.429231,0
714,2018-08-26 00:00:00,1197.7,6738.27,0
715,2018-08-27 00:00:00,1197.7,6719.266154,0
716,2018-08-28 00:00:00,1212.25,7000.04,1
717,2018-08-29 00:00:00,1204.2,7078.19,1
718,2018-08-30 00:00:00,1197.3,6932.6625,1
719,2018-08-31 00:00:00,1202.45,6981.946154,1
720,2018-09-01 00:00:00,1202.45,7018.78,0
721,2018-09-02 00:00:00,1202.45,7247.935385,0
722,2018-09-03 00:00:00,1200.05,7260.949231,1
723,2018-09-04 00:00:00,1190.85,7265.08,1
724,2018-09-05 00:00:00,1196.7,7113.069231,1
725,2018-09-06 00:00:00,1205.15,6433.271667,1
726,2018-09-07 00:00:00,1198.9,6501.19,1
727,2018-09-08 00:00:00,1198.9,6366.1075,0
728,2018-09-09 00:00:00,1198.9,6286.425833,0
729,2018-09-10 00:00:00,1196.6,6240.98,1
730,2018-09-11 00:00:00,1189.85,6296.320833,1
731,2018-09-12 00:00:00,1195.6,6273.1375,1
732,2018-09-13 00:00:00,1209.8,6326.04,1
733,2018-09-14 00:00:00,1201.95,6499.0625,1
734,2018-09-15 00:00:00,1201.95,6518.655,0
735,2018-09-16 00:00:00,1201.95,6522.39,0
736,2018-09-17 00:00:00,1201.9,6400.600833,1
737,2018-09-18 00:00:00,1200.2,6296.631667,1
738,2018-09-19 00:00:00,1203.3,6342.39,1
739,2018-09-20 00:00:00,1208.35,6418.562667,1
740,2018-09-21 00:00:00,1198.7,6669.990833,1
741,2018-09-22 00:00:00,1198.7,6756.12,0
742,2018-09-23 00:00:00,1198.7,6710.445,0
743,2018-09-24 00:00:00,1202.75,6639.304167,1
744,2018-09-25 00:00:00,1201.9,6583.45,1
745,2018-09-26 00:00:00,1194.25,6468.631667,1
746,2018-09-27 00:00:00,1185.4,6535.476667,1
747,2018-09-28 00:00:00,1187.25,6686.08,1
748,2018-09-29 00:00:00,1187.25,6550.474167,0
749,2018-09-30 00:00:00,1187.25,6593.135,0
750,2018-10-01 00:00:00,1189.35,6611.02,1
751,2018-10-02 00:00:00,1204.7,6562.641667,1
752,2018-10-03 00:00:00,1201.2,6470.4025,1
753,2018-10-04 00:00:00,1203.45,6483.73,1
754,2018-10-05 00:00:00,1203.8,6568.549167,1
755,2018-10-06 00:00:00,1203.8,6581.486667,0
756,2018-10-07 00:00:00,1203.8,6573.62,0
757,2018-10-08 00:00:00,1186.95,6618.567692,1
758,2018-10-09 00:00:00,1185.55,6621.711667,1
759,2018-10-10 00:00:00,1188.6,6626.85,1
760,2018-10-11 00:00:00,1205.55,6248.635833,1
761,2018-10-12 00:00:00,1219.75,6260.530833,1
762,2018-10-13 00:00:00,1219.75,6247,0
763,2018-10-14 00:00:00,1219.75,6299.399167,0
764,2018-10-15 00:00:00,1229.95,6452.571667,1
765,2018-10-16 00:00:00,1230.7,6599.17,1
766,2018-10-17 00:00:00,1229.05,6596.276154,1
767,2018-10-18 00:00:00,1223,6568.040769,1
768,2018-10-19 00:00:00,1227.85,6509.61,1
769,2018-10-20 00:00:00,1227.85,6488.825833,0
770,2018-10-21 00:00:00,1227.85,6531.601667,0
771,2018-10-22 00:00:00,1222.3,6504.78,1
772,2018-10-23 00:00:00,1235.95,6481.426,1
773,2018-10-24 00:00:00,1230.55,6508.31,1
774,2018-10-25 00:00:00,1230.8,6489.77,1
775,2018-10-26 00:00:00,1233.85,6473.753333,1
776,2018-10-27 00:00:00,1233.85,6465.9175,0
777,2018-10-28 00:00:00,1233.85,6457.21,0
778,2018-10-29 00:00:00,1230.8,6382.668333,1
779,2018-10-30 00:00:00,1225.4,6309.452857,1
780,2018-10-31 00:00:00,1214.95,6301.61,1
781,2018-11-01 00:00:00,1231.15,6342.280833,1
782,2018-11-02 00:00:00,1232.1,6387.674167,1
783,2018-11-03 00:00:00,1232.1,6390.42,0
784,2018-11-04 00:00:00,1232.1,6391.873333,0
785,2018-11-05 00:00:00,1232.25,6436.965,1
786,2018-11-06 00:00:00,1231.6,6437.76,1
787,2018-11-07 00:00:00,1229.95,6538.79,1
788,2018-11-08 00:00:00,1224.15,6486.251667,1
789,2018-11-09 00:00:00,1211.4,6444.97,1
790,2018-11-10 00:00:00,1211.4,6399.033333,0
791,2018-11-11 00:00:00,1211.4,6378.268333,0
792,2018-11-12 00:00:00,1205.55,6408.53,1
793,2018-11-13 00:00:00,1202.1,6372.063333,1
794,2018-11-14 00:00:00,1203.25,6176.155,1
795,2018-11-15 00:00:00,1211.85,5756.77,1
796,2018-11-16 00:00:00,1222.4,5596.1925,1
797,2018-11-17 00:00:00,1222.4,5558.243333,0
798,2018-11-18 00:00:00,1222.4,5572.44,0
799,2018-11-19 00:00:00,1221.6,5303.9425,1
800,2018-11-20 00:00:00,1223,4671.97,1
801,2018-11-21 00:00:00,1226.1,4491.98,1
802,2018-11-22 00:00:00,1227.05,4548.7975,1
803,2018-11-23 00:00:00,1223.65,4309.3375,1
804,2018-11-24 00:00:00,1223.65,4352.98,0
805,2018-11-25 00:00:00,1223.65,3823.511667,0
806,2018-11-26 00:00:00,1223.4,3920.536667,1
807,2018-11-27 00:00:00,1221.2,3793.35,1
808,2018-11-28 00:00:00,1213.25,4103.453846,1
809,2018-11-29 00:00:00,1226.25,4263.783333,1
810,2018-11-30 00:00:00,1217.55,4278.77,1
811,2018-12-01 00:00:00,1217.55,4116.7775,0
812,2018-12-02 00:00:00,1217.55,4167.546667,0
813,2018-12-03 00:00:00,1230.3,4140.6,1
814,2018-12-04 00:00:00,1240.3,3961.493333,1
815,2018-12-05 00:00:00,1235.9,3858.349167,1
816,2018-12-06 00:00:00,1242.55,3744.98,1
817,2018-12-07 00:00:00,1243.3,3405.643333,1
818,2018-12-08 00:00:00,1243.3,3435.34,0
819,2018-12-09 00:00:00,1243.3,3453.66,0
820,2018-12-10 00:00:00,1245.35,3523.96,1
821,2018-12-11 00:00:00,1245.3,3426.19,1
822,2018-12-12 00:00:00,1245.75,3407.28,1
823,2018-12-13 00:00:00,1242.75,3406.7625,1
824,2018-12-14 00:00:00,1235.35,3278.374167,1
825,2018-12-15 00:00:00,1235.35,3242.42,0
826,2018-12-16 00:00:00,1235.35,3271.238333,0
827,2018-12-17 00:00:00,1241.65,3392.405,1
828,2018-12-18 00:00:00,1246.3,3556.54,1
829,2018-12-19 00:00:00,1255,3808.0425,1
830,2018-12-20 00:00:00,1259.75,3982.850833,1
831,2018-12-21 00:00:00,1258.15,4135.19,1
832,2018-12-22 00:00:00,1258.15,3910.973333,0
833,2018-12-23 00:00:00,1258.15,4027.478333,0
834,2018-12-24 00:00:00,1258.15,3995.17,0
835,2018-12-25 00:00:00,1258.15,3813.88,0
836,2018-12-26 00:00:00,1258.15,3825.379167,0
837,2018-12-27 00:00:00,1268,3848.21,1
838,2018-12-28 00:00:00,1279,3743.905,1
839,2018-12-29 00:00:00,1279,3912.285833,0
840,2018-12-30 00:00:00,1279,3770.36,0
841,2018-12-31 00:00:00,1279,3791.545833,0
842,2019-01-01 00:00:00,1279,3752.271667,0
843,2019-01-02 00:00:00,1282.9,3855.88,1
844,2019-01-03 00:00:00,1290.45,3865.7975,1
845,2019-01-04 00:00:00,1279.9,3822.626667,1
846,2019-01-05 00:00:00,1279.9,3856.62,0
847,2019-01-06 00:00:00,1279.9,3920.456667,0
848,2019-01-07 00:00:00,1292.2,4036.093333,1
849,2019-01-08 00:00:00,1286.45,4032.25,1
850,2019-01-09 00:00:00,1288.6,4034.138333,1
851,2019-01-10 00:00:00,1291.9,3812.585833,1
852,2019-01-11 00:00:00,1288.95,3646.25,1
853,2019-01-12 00:00:00,1288.95,3646.345833,0
854,2019-01-13 00:00:00,1288.95,3599.841667,0
855,2019-01-14 00:00:00,1292.75,3531.96,1
856,2019-01-15 00:00:00,1294.4,3656.785,1
857,2019-01-16 00:00:00,1292.3,3621.270833,1
858,2019-01-17 00:00:00,1290.7,3621.43,1
859,2019-01-18 00:00:00,1284.2,3632.395,1
860,2019-01-19 00:00:00,1284.2,3690.523333,0
861,2019-01-20 00:00:00,1284.2,3703.98,0
862,2019-01-21 00:00:00,1279.55,3548.4275,1
863,2019-01-22 00:00:00,1282.1,3540.02,1
864,2019-01-23 00:00:00,1279.8,3587.35,1
865,2019-01-24 00:00:00,1283.7,3566.4,1
866,2019-01-25 00:00:00,1293.9,3586.25,1
867,2019-01-26 00:00:00,1293.9,3577.79,0
868,2019-01-27 00:00:00,1293.9,3576.3,0
869,2019-01-28 00:00:00,1302.15,3554.5,1
870,2019-01-29 00:00:00,1307.55,3448.58,1
871,2019-01-30 00:00:00,1310.7,3421.6,1
872,2019-01-31 00:00:00,1323.25,3470,1
873,2019-02-01 00:00:00,1318.7,3444.81,1
874,2019-02-02 00:00:00,1318.7,3475.33,0
875,2019-02-03 00:00:00,1318.7,3506.22,0
876,2019-02-04 00:00:00,1312.15,3456.02,1
877,2019-02-05 00:00:00,1314.2,3452.35,1
878,2019-02-06 00:00:00,1312.4,3467.34,1
879,2019-02-07 00:00:00,1310,3405.7,1
880,2019-02-08 00:00:00,1314.85,3394.76,1
881,2019-02-09 00:00:00,1314.85,3661.08,0
882,2019-02-10 00:00:00,1314.85,3664.38,0
883,2019-02-11 00:00:00,1306.4,3686.29,1
884,2019-02-12 00:00:00,1310,3629.47,1
885,2019-02-13 00:00:00,1312.8,3632.42,1
886,2019-02-14 00:00:00,1311.45,3614.5,1
887,2019-02-15 00:00:00,1316.55,3600.31,1
888,2019-02-16 00:00:00,1316.55,3608.2,0
889,2019-02-17 00:00:00,1316.55,3619.55,0
890,2019-02-18 00:00:00,1325.5,3670.74,1
891,2019-02-19 00:00:00,1334.15,3910.8,1
892,2019-02-20 00:00:00,1343.75,3926.53,1
893,2019-02-21 00:00:00,1331.25,3987.18,1
894,2019-02-22 00:00:00,1329.05,3944.88,1
895,2019-02-23 00:00:00,1329.05,3983.48,0
896,2019-02-24 00:00:00,1329.05,4139.6,0
897,2019-02-25 00:00:00,1331.05,3766.89,1
898,2019-02-26 00:00:00,1325.05,3848.33,1
899,2019-02-27 00:00:00,1322.85,3831.45,1
900,2019-02-28 00:00:00,1319.15,3833.23,1
901,2019-03-01 00:00:00,1311.95,3850.08,1
902,2019-03-02 00:00:00,1311.95,3834.62,0
903,2019-03-03 00:00:00,1311.95,3831.44,0
904,2019-03-04 00:00:00,1285.4,3814.58,1
905,2019-03-05 00:00:00,1283.8,3730.98,1
906,2019-03-06 00:00:00,1285.85,3872.25,1
907,2019-03-07 00:00:00,1285.3,3876.85,1
908,2019-03-08 00:00:00,1296.75,3886.82,1
909,2019-03-09 00:00:00,1296.75,3875.96,0
910,2019-03-10 00:00:00,1296.75,3950.56,0
911,2019-03-11 00:00:00,1292.75,3928.17,1
912,2019-03-12 00:00:00,1297.05,3881.09,1
913,2019-03-13 00:00:00,1306.95,3892.51,1
914,2019-03-14 00:00:00,1295.55,3877.77,1
915,2019-03-15 00:00:00,1303.5,3885.21,1
916,2019-03-16 00:00:00,1303.5,3936.5,0
917,2019-03-17 00:00:00,1303.5,4015.95,0
918,2019-03-18 00:00:00,1305.6,3994.92,1
919,2019-03-19 00:00:00,1307.7,3998.77,1
920,2019-03-20 00:00:00,1303.7,4029.11,1
921,2019-03-21 00:00:00,1309.6,4056.4,1
922,2019-03-22 00:00:00,1311.3,3992.34,1
923,2019-03-23 00:00:00,1311.3,3999.06,0
924,2019-03-24 00:00:00,1311.3,4011.92,0
925,2019-03-25 00:00:00,1319.55,3994.11,1
926,2019-03-26 00:00:00,1316.3,3935.89,1
927,2019-03-27 00:00:00,1309.7,3947.74,1
928,2019-03-28 00:00:00,1295.15,4048.51,1
929,2019-03-29 00:00:00,1295.4,4037.37,1
930,2019-03-30 00:00:00,1295.4,4115.55,0
931,2019-03-31 00:00:00,1295.4,4114.44,0
932,2019-04-01 00:00:00,1293.5,4114.16,1
933,2019-04-02 00:00:00,1290.3,4152.53,1
934,2019-04-03 00:00:00,1290.45,4882.88,1
935,2019-04-04 00:00:00,1283.15,4959.81,1
936,2019-04-05 00:00:00,1288.45,4911.24,1
937,2019-04-06 00:00:00,1288.45,5028.77,0
938,2019-04-07 00:00:00,1288.45,5053.52,0
939,2019-04-08 00:00:00,1300,5189.39,1
940,2019-04-09 00:00:00,1303,5268.71,1
941,2019-04-10 00:00:00,1305.45,5175.81,1
942,2019-04-11 00:00:00,1298.8,5310.18,1
943,2019-04-12 00:00:00,1294.3,5035.02,1
944,2019-04-13 00:00:00,1294.3,5072.85,0
945,2019-04-14 00:00:00,1294.3,5064.62,0
946,2019-04-15 00:00:00,1285.65,5152.51,1
947,2019-04-16 00:00:00,1276.35,5036.18,1
948,2019-04-17 00:00:00,1275.85,5196.65,1
949,2019-04-18 00:00:00,1275.7,5220.37,1
950,2019-04-19 00:00:00,1275.7,5276.31,0
951,2019-04-20 00:00:00,1275.7,5277.04,0
952,2019-04-21 00:00:00,1275.7,5309.28,0
953,2019-04-22 00:00:00,1275.7,5281.83,0
954,2019-04-23 00:00:00,1269.5,5377.19,1
955,2019-04-24 00:00:00,1271.65,5518.16,1
956,2019-04-25 00:00:00,1280.8,5434.19,1
957,2019-04-26 00:00:00,1284.2,5195.61,1
958,2019-04-27 00:00:00,1284.2,5292.83,0
959,2019-04-28 00:00:00,1284.2,5280.19,0
960,2019-04-29 00:00:00,1279.5,5301.29,1
961,2019-04-30 00:00:00,1282.3,5260.65,1
962,2019-05-01 00:00:00,1283.8,5269.79,1
963,2019-05-02 00:00:00,1270.95,5326.67,1
964,2019-05-03 00:00:00,1278.55,5390.16,1
965,2019-05-04 00:00:00,1278.55,5657.14,0
966,2019-05-05 00:00:00,1278.55,5771.08,0
967,2019-05-06 00:00:00,1278.55,5717.66,0
968,2019-05-07 00:00:00,1281.2,5684.47,1
969,2019-05-08 00:00:00,1285.2,5755.72,1
970,2019-05-09 00:00:00,1286.1,5936.72,1
971,2019-05-10 00:00:00,1287.1,6146.91,1
972,2019-05-11 00:00:00,1287.1,6348.02,0
973,2019-05-12 00:00:00,1287.1,7248.31,0
974,2019-05-13 00:00:00,1295.6,6978.63,1
975,2019-05-14 00:00:00,1298.4,7823.11,1
976,2019-05-15 00:00:00,1299.1,7992.69,1
977,2019-05-16 00:00:00,1291.7,8206.9,1
978,2019-05-17 00:00:00,1280.8,7885.96,1
979,2019-05-18 00:00:00,1280.8,7362.22,0
980,2019-05-19 00:00:00,1280.8,7265.05,0
981,2019-05-20 00:00:00,1276.85,8193.7,1
982,2019-05-21 00:00:00,1271.15,8007.03,1
983,2019-05-22 00:00:00,1273.8,7952.5,1
984,2019-05-23 00:00:00,1283.65,7625.93,1
985,2019-05-24 00:00:00,1282.5,7880.29,1
986,2019-05-25 00:00:00,1282.5,8003.26,0
987,2019-05-26 00:00:00,1282.5,8071.45,0
988,2019-05-27 00:00:00,1282.5,8744.42,0
989,2019-05-28 00:00:00,1278.3,8770.06,1
990,2019-05-29 00:00:00,1281.65,8719.88,1
991,2019-05-30 00:00:00,1280.95,8662.98,1
992,2019-05-31 00:00:00,1295.55,8272.46,1
993,2019-06-01 00:00:00,1295.55,8553.81,0
994,2019-06-02 00:00:00,1295.55,8554.8,0
995,2019-06-03 00:00:00,1317.1,8739.03,1
996,2019-06-04 00:00:00,1324.25,8134.92,1
997,2019-06-05 00:00:00,1335.05,7675.8,1
998,2019-06-06 00:00:00,1335.5,7786.04,1
999,2019-06-07 00:00:00,1340.65,7803.23,1
1000,2019-06-08 00:00:00,1340.65,7998.29,0
1001,2019-06-09 00:00:00,1340.65,7931.34,0
1002,2019-06-10 00:00:00,1328.6,7640.61,1
1003,2019-06-11 00:00:00,1324.3,8020.38,1
1004,2019-06-12 00:00:00,1332.35,7917.58,1
1005,2019-06-13 00:00:00,1335.9,8173.06,1
1006,2019-06-14 00:00:00,1351.25,8237.88,1
1007,2019-06-15 00:00:00,1351.25,8693.6,0
1008,2019-06-16 00:00:00,1351.25,8859.47,0
1009,2019-06-17 00:00:00,1341.3,8978.99,1
1010,2019-06-18 00:00:00,1341.35,9327.48,1
1011,2019-06-19 00:00:00,1344.05,9076.18,1
1012,2019-06-20 00:00:00,1379.5,9281.7,1
1013,2019-06-21 00:00:00,1397.15,9531.35,1
1014,2019-06-22 00:00:00,1397.15,10209.38,0
1015,2019-06-23 00:00:00,1397.15,10668.63,0
1016,2019-06-24 00:00:00,1405.7,10814.48,1
1017,2019-06-25 00:00:00,1431.4,11017.5,1
1018,2019-06-26 00:00:00,1403.95,11766.4,1
1019,2019-06-27 00:00:00,1402.5,12932.55,1
1020,2019-06-28 00:00:00,1409,11132.85,1
1021,2019-06-29 00:00:00,1409,12374.35,0
1022,2019-06-30 00:00:00,1409,11890.38,0
1023,2019-07-01 00:00:00,1390.1,10737.73,1
1024,2019-07-02 00:00:00,1391.05,10578.72,1
1025,2019-07-03 00:00:00,1413.5,10805.4,1
1026,2019-07-04 00:00:00,1414.9,11984.76,1
1027,2019-07-05 00:00:00,1388.65,11160.49,1
1028,2019-07-06 00:00:00,1388.65,10955.16,0
1029,2019-07-07 00:00:00,1388.65,11232.04,0
1030,2019-07-08 00:00:00,1400.1,11477.01,1
1031,2019-07-09 00:00:00,1391.55,12313.08,1
1032,2019-07-10 00:00:00,1408.3,12586.78,1
1033,2019-07-11 00:00:00,1413.75,12099.9,1
1034,2019-07-12 00:00:00,1407.6,11352.87,1
1035,2019-07-13 00:00:00,1407.6,11803.97,0
1036,2019-07-14 00:00:00,1407.6,11389.1,0
1037,2019-07-15 00:00:00,1412.4,10186.96,1
1038,2019-07-16 00:00:00,1409.85,10873.5,1
1039,2019-07-17 00:00:00,1410.35,9397.72,1
1040,2019-07-18 00:00:00,1417.45,9674.28,1
1041,2019-07-19 00:00:00,1439.7,10638.56,1
1042,2019-07-20 00:00:00,1439.7,10535.75,0
1043,2019-07-21 00:00:00,1439.7,10764.9,0
1044,2019-07-22 00:00:00,1427.75,10587.41,1
1045,2019-07-23 00:00:00,1425.55,10323.62,1
1046,2019-07-24 00:00:00,1426.95,9844.3,1
1047,2019-07-25 00:00:00,1416.1,9772.17,1
1048,2019-07-26 00:00:00,1420.4,9875.17,1
1049,2019-07-27 00:00:00,1420.4,9848.65,0
1050,2019-07-28 00:00:00,1420.4,9473.99,0
1051,2019-07-29 00:00:00,1419.05,9530,1
1052,2019-07-30 00:00:00,1425.9,9501.33,1
1053,2019-07-31 00:00:00,1427.55,9589.13,1
1054,2019-08-01 00:00:00,1406.8,10084.7,1
1055,2019-08-02 00:00:00,1441.75,10407.17,1
1056,2019-08-03 00:00:00,1441.75,10529.55,0
1057,2019-08-04 00:00:00,1441.75,10814.57,0
1058,2019-08-05 00:00:00,1465.25,10980.23,1
1059,2019-08-06 00:00:00,1465.25,11787.99,1
1060,2019-08-07 00:00:00,1506.05,11465.67,1
1061,2019-08-08 00:00:00,1495.75,11960.82,1
1062,2019-08-09 00:00:00,1497.7,11996.41,1
1063,2019-08-10 00:00:00,1497.7,11856.64,0
1064,2019-08-11 00:00:00,1497.7,11282.22,0
1065,2019-08-12 00:00:00,1504.7,11566.84,1
1066,2019-08-13 00:00:00,1498.4,11386.26,1
1067,2019-08-14 00:00:00,1513.25,10858.12,1
1068,2019-08-15 00:00:00,1515.65,10016.96,1
1069,2019-08-16 00:00:00,1515.25,10302.17,1
1070,2019-08-17 00:00:00,1515.25,10359.44,0
1071,2019-08-18 00:00:00,1515.25,10214.52,0
1072,2019-08-19 00:00:00,1496.6,10317.6,1
1073,2019-08-20 00:00:00,1504.55,10917.26,1
1074,2019-08-21 00:00:00,1503.25,10760.56,1
1075,2019-08-22 00:00:00,1502.05,10129.4,1
1076,2019-08-23 00:00:00,1503.8,10111.98,1
1077,2019-08-24 00:00:00,1503.8,10405.81,0
1078,2019-08-25 00:00:00,1503.8,10143.8,0
1079,2019-08-26 00:00:00,1503.8,10135.06,0
1080,2019-08-27 00:00:00,1532.95,10360.28,1
1081,2019-08-28 00:00:00,1537.15,10171.95,1
1082,2019-08-29 00:00:00,1540.2,9717.82,1
1083,2019-08-30 00:00:00,1528.4,9484.55,1
1084,2019-08-31 00:00:00,1528.4,9577.99,0
1085,2019-09-01 00:00:00,1528.4,9600.9,0
1086,2019-09-02 00:00:00,1525.95,9769.79,1
1087,2019-09-03 00:00:00,1537.85,10386.64,1
1088,2019-09-04 00:00:00,1546.1,10621.29,1
1089,2019-09-05 00:00:00,1529.1,10584.16,1
1090,2019-09-06 00:00:00,1523.7,10577.8,1
1091,2019-09-07 00:00:00,1523.7,10317.47,0
1092,2019-09-08 00:00:00,1523.7,10487.21,0
1093,2019-09-09 00:00:00,1509.2,10406.31,1
1094,2019-09-10 00:00:00,1498.25,10313.66,1
1095,2019-09-11 00:00:00,1490.65,10101.03,1
1096,2019-09-12 00:00:00,1515.2,10159.32,1
1097,2019-09-13 00:00:00,1503.1,10420.16,1
1098,2019-09-14 00:00:00,1503.1,10363.9,0
1099,2019-09-15 00:00:00,1503.1,10361.33,0
1100,2019-09-16 00:00:00,1497.2,10310.43,1
1101,2019-09-17 00:00:00,1502.1,10265.63,1
1102,2019-09-18 00:00:00,1503.5,10190.36,1
1103,2019-09-19 00:00:00,1500.7,10157.59,1
1104,2019-09-20 00:00:00,1501.9,10275.88,1
1105,2019-09-21 00:00:00,1501.9,10173.11,0
1106,2019-09-22 00:00:00,1501.9,9979.49,0
1107,2019-09-23 00:00:00,1522.1,10033.05,1
1108,2019-09-24 00:00:00,1520.65,9683.38,1
1109,2019-09-25 00:00:00,1528.75,8553.61,1
1110,2019-09-26 00:00:00,1506.4,8432.23,1
1111,2019-09-27 00:00:00,1489.9,8055.64,1
1112,2019-09-28 00:00:00,1489.9,8193.9,0
1113,2019-09-29 00:00:00,1489.9,8225,0
1114,2019-09-30 00:00:00,1485.3,8056.74,1
1115,2019-10-01 00:00:00,1473.45,8307.74,1
1116,2019-10-02 00:00:00,1492.6,8322.92,1
1117,2019-10-03 00:00:00,1517.1,8382.03,1
1118,2019-10-04 00:00:00,1499.15,8236.17,1
1119,2019-10-05 00:00:00,1499.15,8155.48,0
1120,2019-10-06 00:00:00,1499.15,8147.69,0
1121,2019-10-07 00:00:00,1501.25,7869.74,1
1122,2019-10-08 00:00:00,1505.85,8212.02,1
1123,2019-10-09 00:00:00,1507.25,8190,1
1124,2019-10-10 00:00:00,1494.8,8587.92,1
1125,2019-10-11 00:00:00,1479.15,8586.9,1
1126,2019-10-12 00:00:00,1479.15,8269.73,0
1127,2019-10-13 00:00:00,1479.15,8308.01,0
1128,2019-10-14 00:00:00,1490.6,8283.76,1
1129,2019-10-15 00:00:00,1487.8,8353.54,1
1130,2019-10-16 00:00:00,1485.1,8162.16,1
1131,2019-10-17 00:00:00,1492.65,8002.51,1
1132,2019-10-18 00:00:00,1490,8076.78,1
1133,2019-10-19 00:00:00,1490,7954.15,0
1134,2019-10-20 00:00:00,1490,7960.04,0
1135,2019-10-21 00:00:00,1491.65,8231.06,1
1136,2019-10-22 00:00:00,1485.35,8222.52,1
1137,2019-10-23 00:00:00,1494.45,8026.76,1
1138,2019-10-24 00:00:00,1496.55,7469.56,1
1139,2019-10-25 00:00:00,1513.45,7431.88,1
1140,2019-10-26 00:00:00,1513.45,8666.79,0
1141,2019-10-27 00:00:00,1513.45,9259.8,0
1142,2019-10-28 00:00:00,1492.4,9551.54,1
1143,2019-10-29 00:00:00,1486.75,9218.76,1
1144,2019-10-30 00:00:00,1492.1,9433.35,1
1145,2019-10-31 00:00:00,1510.95,9164.62,1
1146,2019-11-01 00:00:00,1508.8,9147.98,1
1147,2019-11-02 00:00:00,1508.8,9252.99,0
1148,2019-11-03 00:00:00,1508.8,9301.18,0
1149,2019-11-04 00:00:00,1509.45,9206.16,1
1150,2019-11-05 00:00:00,1488.95,9418.05,1
1151,2019-11-06 00:00:00,1486.05,9310.19,1
1152,2019-11-07 00:00:00,1484.25,9343.34,1
1153,2019-11-08 00:00:00,1464.15,9204.24,1
1154,2019-11-09 00:00:00,1464.15,8766.04,0
1155,2019-11-10 00:00:00,1464.15,8809.41,0
1156,2019-11-11 00:00:00,1458.7,9037.12,1
1157,2019-11-12 00:00:00,1452.05,8717.81,1
1158,2019-11-13 00:00:00,1462.9,8801.52,1
1159,2019-11-14 00:00:00,1466.65,8762.42,1
1160,2019-11-15 00:00:00,1466.9,8632.32,1
1161,2019-11-16 00:00:00,1466.9,8457.69,0
1162,2019-11-17 00:00:00,1466.9,8482.7,0
1163,2019-11-18 00:00:00,1467.65,8503.93,1
1164,2019-11-19 00:00:00,1468.45,8175.99,1
1165,2019-11-20 00:00:00,1471.7,8120.8,1
1166,2019-11-21 00:00:00,1467.05,8081.81,1
1167,2019-11-22 00:00:00,1464.45,7617.07,1
1168,2019-11-23 00:00:00,1464.45,7286.35,0
1169,2019-11-24 00:00:00,1464.45,7324.03,0
1170,2019-11-25 00:00:00,1458.4,6907.4,1
1171,2019-11-26 00:00:00,1454.65,7130.25,1
1172,2019-11-27 00:00:00,1454.35,7163.63,1
1173,2019-11-28 00:00:00,1454.65,7523.83,1
1174,2019-11-29 00:00:00,1460.15,7431,1
1175,2019-11-30 00:00:00,1460.15,7757.47,0
1176,2019-12-01 00:00:00,1460.15,7557.72,0
1177,2019-12-02 00:00:00,1461.15,7402.69,1
1178,2019-12-03 00:00:00,1477.3,7309.59,1
1179,2019-12-04 00:00:00,1475.1,7296.77,1
1180,2019-12-05 00:00:00,1475.95,7192.85,1
1181,2019-12-06 00:00:00,1459.65,7395.97,1
1182,2019-12-07 00:00:00,1459.65,7547.19,0
1183,2019-12-08 00:00:00,1459.65,7504.83,0
1184,2019-12-09 00:00:00,1461.7,7522.39,1
1185,2019-12-10 00:00:00,1464.95,7337.42,1
1186,2019-12-11 00:00:00,1466.8,7220.76,1
1187,2019-12-12 00:00:00,1467.8,7202.31,1
1188,2019-12-13 00:00:00,1466.6,7189.16,1
1189,2019-12-14 00:00:00,1466.6,7251.87,0
1190,2019-12-15 00:00:00,1466.6,7067.74,0
1191,2019-12-16 00:00:00,1477.9,7111.14,1
1192,2019-12-17 00:00:00,1475.8,6879.54,1
1193,2019-12-18 00:00:00,1474.05,6612.12,1
1194,2019-12-19 00:00:00,1476.7,7284.29,1
1195,2019-12-20 00:00:00,1479,7150.86,1
1196,2019-12-21 00:00:00,1479,7190.17,0
1197,2019-12-22 00:00:00,1479,7143.2,0
1198,2019-12-23 00:00:00,1482.1,7514.41,1
1199,2019-12-24 00:00:00,1482.1,7322.08,0
1200,2019-12-25 00:00:00,1482.1,7250.69,0
1201,2019-12-26 00:00:00,1482.1,7192.72,0
1202,2019-12-27 00:00:00,1511.5,7194.4,1
1203,2019-12-28 00:00:00,1511.5,7243.93,0
1204,2019-12-29 00:00:00,1511.5,7301.07,0
1205,2019-12-30 00:00:00,1514.75,7385.36,1
1206,2019-12-31 00:00:00,1514.75,7219.6,0
1207,2020-01-01 00:00:00,1514.75,7168.31,0
1208,2020-01-02 00:00:00,1527.1,7175.68,1
1209,2020-01-03 00:00:00,1548.75,6944.33,1
1210,2020-01-04 00:00:00,1548.75,7326.35,0
1211,2020-01-05 00:00:00,1548.75,7347.89,0
1212,2020-01-06 00:00:00,1573.1,7351.57,1
1213,2020-01-07 00:00:00,1567.85,7759.24,1
1214,2020-01-08 00:00:00,1571.95,8165.47,1
1215,2020-01-09 00:00:00,1550.75,8042.65,1
1216,2020-01-10 00:00:00,1553.6,7817.92,1
1217,2020-01-11 00:00:00,1553.6,8184.66,0
1218,2020-01-12 00:00:00,1553.6,8021.49,0
1219,2020-01-13 00:00:00,1549.9,8173.97,1
1220,2020-01-14 00:00:00,1545.1,8105.24,1
1221,2020-01-15 00:00:00,1549,8842.42,1
1222,2020-01-16 00:00:00,1554.55,8813.89,1
1223,2020-01-17 00:00:00,1557.6,8722.03,1
1224,2020-01-18 00:00:00,1557.6,8900.34,0
1225,2020-01-19 00:00:00,1557.6,8910.85,0
1226,2020-01-20 00:00:00,1560.15,8703.36,1
1227,2020-01-21 00:00:00,1551.3,8626.47,1
1228,2020-01-22 00:00:00,1556.9,8722.26,1
1229,2020-01-23 00:00:00,1562.9,8658.94,1
1230,2020-01-24 00:00:00,1564.3,8388.11,1
1231,2020-01-25 00:00:00,1564.3,8428.17,0
1232,2020-01-26 00:00:00,1564.3,8327.36,0
1233,2020-01-27 00:00:00,1580.1,8588.42,1
1234,2020-01-28 00:00:00,1574,8895.78,1
1235,2020-01-29 00:00:00,1573.45,9385.69,1
1236,2020-01-30 00:00:00,1578.25,9279.81,1
1237,2020-01-31 00:00:00,1584.2,9502.37,1
1238,2020-02-01 00:00:00,1584.2,9333.77,0
1239,2020-02-02 00:00:00,1584.2,9378.09,0
1240,2020-02-03 00:00:00,1574.75,9314.56,1
1241,2020-02-04 00:00:00,1558.35,9162.14,1
1242,2020-02-05 00:00:00,1553.3,9162.14,1
1243,2020-02-06 00:00:00,1563.3,9614.9,1
1244,2020-02-07 00:00:00,1572.65,9755.66,1
1245,2020-02-08 00:00:00,1572.65,9807.54,0
1246,2020-02-09 00:00:00,1572.65,9907.12,0
1247,2020-02-10 00:00:00,1573.2,10162.41,1
1248,2020-02-11 00:00:00,1570.5,9854.79,1
1249,2020-02-12 00:00:00,1563.7,10275.38,1
1250,2020-02-13 00:00:00,1575.05,10354.3,1
1251,2020-02-14 00:00:00,1581.4,10242.43,1
1252,2020-02-15 00:00:00,1581.4,10368.53,0
1253,2020-02-16 00:00:00,1581.4,9904.17,0
1254,2020-02-17 00:00:00,1580.8,9937.67,1
1255,2020-02-18 00:00:00,1589.85,9703.93,1
1256,2020-02-19 00:00:00,1604.2,10180.65,1
1257,2020-02-20 00:00:00,1619,9604.72,1
1258,2020-02-21 00:00:00,1643.3,9606.86,1
1259,2020-02-22 00:00:00,1643.3,9696.58,0
1260,2020-02-23 00:00:00,1643.3,9669.63,0
1261,2020-02-24 00:00:00,1671.65,9989.39,1
1262,2020-02-25 00:00:00,1650.3,9663.75,1
1263,2020-02-26 00:00:00,1634.9,9309.15,1
1264,2020-02-27 00:00:00,1652,8785.52,1
1265,2020-02-28 00:00:00,1609.85,8804.72,1
1266,2020-02-29 00:00:00,1609.85,8712.35,0
1267,2020-03-01 00:00:00,1609.85,8534.17,0
1268,2020-03-02 00:00:00,1599.65,8912.82,1
1269,2020-03-03 00:00:00,1615.5,8912.82,1
1270,2020-03-04 00:00:00,1641.85,8754.34,1
1271,2020-03-05 00:00:00,1659.6,8758.9,1
1272,2020-03-06 00:00:00,1683.65,9067.39,1
1273,2020-03-07 00:00:00,1683.65,9155.89,0
1274,2020-03-08 00:00:00,1683.65,8898.63,0
1275,2020-03-09 00:00:00,1672.5,8039.38,1
1276,2020-03-10 00:00:00,1655.7,7931.94,1
1277,2020-03-11 00:00:00,1653.75,7885.46,1
1278,2020-03-12 00:00:00,1570.7,7936.65,1
1279,2020-03-13 00:00:00,1562.8,4830.21,1
1280,2020-03-14 00:00:00,1562.8,5609.03,0
1281,2020-03-15 00:00:00,1562.8,5166.26,0
1282,2020-03-16 00:00:00,1487.7,5348.44,1
1283,2020-03-17 00:00:00,1536.2,5026.35,1
1284,2020-03-18 00:00:00,1498.2,5357.61,1
1285,2020-03-19 00:00:00,1474.25,5410.23,1
1286,2020-03-20 00:00:00,1494.4,6195.2,1
1287,2020-03-21 00:00:00,1494.4,6226.44,0
1288,2020-03-22 00:00:00,1494.4,6189.85,0
1289,2020-03-23 00:00:00,1525.4,5822.62,1
1290,2020-03-24 00:00:00,1605.75,6502.16,1
1291,2020-03-25 00:00:00,1605.45,6768.49,1
1292,2020-03-26 00:00:00,1634.8,6698.46,1
1293,2020-03-27 00:00:00,1617.3,6763.75,1
1294,2020-03-28 00:00:00,1617.3,6369.09,0
1295,2020-03-29 00:00:00,1617.3,6260.95,0
1296,2020-03-30 00:00:00,1618.3,5885.41,1
1297,2020-03-31 00:00:00,1608.95,6405.29,1
1298,2020-04-01 00:00:00,1576.55,6428.28,1
1299,2020-04-02 00:00:00,1616.8,6652.87,1
1300,2020-04-03 00:00:00,1613.1,6809.11,1
1301,2020-04-04 00:00:00,1613.1,6741.67,0
1302,2020-04-05 00:00:00,1613.1,6871.69,0
1303,2020-04-06 00:00:00,1648.3,6777.44,1
1304,2020-04-07 00:00:00,1649.25,7343.2,1
1305,2020-04-08 00:00:00,1647.8,7205.55,1
1306,2020-04-09 00:00:00,1680.65,7365.03,1
1307,2020-04-10 00:00:00,1680.65,7293.69,0
1308,2020-04-11 00:00:00,1680.65,6873.24,0
1309,2020-04-12 00:00:00,1680.65,6891.6,0
1310,2020-04-13 00:00:00,1680.65,6915.37,0
1311,2020-04-14 00:00:00,1741.9,6857.66,1
1312,2020-04-15 00:00:00,1718.65,6871.95,1
1313,2020-04-16 00:00:00,1729.5,6623.8,1
1314,2020-04-17 00:00:00,1692.55,7112.27,1
1315,2020-04-18 00:00:00,1692.55,7034.89,0
1316,2020-04-19 00:00:00,1692.55,7259.36,0
1317,2020-04-20 00:00:00,1686.2,7130.04,1
1318,2020-04-21 00:00:00,1682.05,6840.24,1
1319,2020-04-22 00:00:00,1710.55,6852.52,1
1320,2020-04-23 00:00:00,1736.25,7130.99,1
1321,2020-04-24 00:00:00,1715.9,7477.6,1
1322,2020-04-25 00:00:00,1715.9,7507.08,0
1323,2020-04-26 00:00:00,1715.9,7549.52,0
1324,2020-04-27 00:00:00,1714.95,7699.27,1
1325,2020-04-28 00:00:00,1691.55,7790.66,1
1326,2020-04-29 00:00:00,1703.35,7765.33,1
1327,2020-04-30 00:00:00,1702.75,8777.63,1
1328,2020-05-01 00:00:00,1686.25,8628.77,1
1329,2020-05-02 00:00:00,1686.25,8824.66,0
1330,2020-05-03 00:00:00,1686.25,8973.82,0
1331,2020-05-04 00:00:00,1709.1,8903.95,1
1332,2020-05-05 00:00:00,1699.55,8885.93,1
1333,2020-05-06 00:00:00,1691.5,9030.96,1
1334,2020-05-07 00:00:00,1704.05,9170.79,1
1335,2020-05-08 00:00:00,1704.05,10002.48,0
1336,2020-05-09 00:00:00,1704.05,9821.8,0
1337,2020-05-10 00:00:00,1704.05,9527.39,0
1338,2020-05-11 00:00:00,1702.75,8754.46,1
1339,2020-05-12 00:00:00,1702.4,8617.25,1
1340,2020-05-13 00:00:00,1708.4,8814.53,1
1341,2020-05-14 00:00:00,1731.6,9305.93,1
1342,2020-05-15 00:00:00,1735.35,9790.31,1
1343,2020-05-16 00:00:00,1735.35,9303.59,0
1344,2020-05-17 00:00:00,1735.35,9385.7,0
1345,2020-05-18 00:00:00,1734.7,9669.4,1
1346,2020-05-19 00:00:00,1737.95,9719.37,1
1347,2020-05-20 00:00:00,1748.3,9785.74,1
1348,2020-05-21 00:00:00,1724.9,9510.67,1
1349,2020-05-22 00:00:00,1733.55,9057.57,1
1350,2020-05-23 00:00:00,1733.55,9167.26,0
1351,2020-05-24 00:00:00,1733.55,9178.32,0
1352,2020-05-25 00:00:00,1733.55,8730.73,0
1353,2020-05-26 00:00:00,1720.25,8899.66,1
1354,2020-05-27 00:00:00,1694.6,8842.85,1
1355,2020-05-28 00:00:00,1717.35,9197.54,1
1356,2020-05-29 00:00:00,1728.7,9569.21,1
1357,2020-05-30 00:00:00,1728.7,9425.98,0
1358,2020-05-31 00:00:00,1728.7,9698.1,0
1359,2020-06-01 00:00:00,1730.6,9450.84,1
1360,2020-06-02 00:00:00,1742.15,10204.23,1
1361,2020-06-03 00:00:00,1705.35,9525.57,1
1362,2020-06-04 00:00:00,1700.05,9658.04,1
1363,2020-06-05 00:00:00,1683.45,9794.56,1
1364,2020-06-06 00:00:00,1683.45,9623.75,0
1365,2020-06-07 00:00:00,1683.45,9670.43,0
1366,2020-06-08 00:00:00,1690.35,9753.85,1
1367,2020-06-09 00:00:00,1713.5,9782.59,1
1368,2020-06-10 00:00:00,1722.05,9775.15,1
1369,2020-06-11 00:00:00,1738.25,9892.13,1
1370,2020-06-12 00:00:00,1733.5,9286.42,1
1371,2020-06-13 00:00:00,1733.5,9459.97,0
1372,2020-06-14 00:00:00,1733.5,9473.5,0
1373,2020-06-15 00:00:00,1710.45,9330.07,1
1374,2020-06-16 00:00:00,1719.85,9426.7,1
1375,2020-06-17 00:00:00,1724.35,9526,1
1376,2020-06-18 00:00:00,1719.5,9454.81,1
1377,2020-06-19 00:00:00,1734.75,9380.03,1
1378,2020-06-20 00:00:00,1734.75,9300.15,0
1379,2020-06-21 00:00:00,1734.75,9357.43,0
1380,2020-06-22 00:00:00,1761.85,9284.78,1
1381,2020-06-23 00:00:00,1768.9,9691.9,1
1382,2020-06-24 00:00:00,1766.05,9621.49,1
1383,2020-06-25 00:00:00,1756.55,9276.58,1
1384,2020-06-26 00:00:00,1747.6,9240.85,1
1385,2020-06-27 00:00:00,1747.6,9154.45,0
1386,2020-06-28 00:00:00,1747.6,9004.23,0
1387,2020-06-29 00:00:00,1771.6,9127.47,1
1388,2020-06-30 00:00:00,1768.1,9185.35,1
1389,2020-07-01 00:00:00,1771.05,9133.97,1
1390,2020-07-02 00:00:00,1777.45,9236.38,1
1391,2020-07-03 00:00:00,1772.9,9087.98,1
1392,2020-07-04 00:00:00,1772.9,9072.42,0
1393,2020-07-05 00:00:00,1772.9,9131.31,0
1394,2020-07-06 00:00:00,1787.9,9089.09,1
1395,2020-07-07 00:00:00,1789.55,9348.91,1
1396,2020-07-08 00:00:00,1811.1,9256.23,1
1397,2020-07-09 00:00:00,1812.1,9440.07,1
1398,2020-07-10 00:00:00,1803.1,9238.04,1
1399,2020-07-11 00:00:00,1803.1,9287.4,0
1400,2020-07-12 00:00:00,1803.1,9235.96,0
1401,2020-07-13 00:00:00,1807.5,9295.9,1
1402,2020-07-14 00:00:00,1801.9,9238.13,1
1403,2020-07-15 00:00:00,1804.6,9254.52,1
1404,2020-07-16 00:00:00,1807.7,9193.51,1
1405,2020-07-17 00:00:00,1807.35,9131,1
1406,2020-07-18 00:00:00,1807.35,9154.19,0
1407,2020-07-19 00:00:00,1807.35,9174.71,0
1408,2020-07-20 00:00:00,1815.65,9214.66,1
1409,2020-07-21 00:00:00,1842.55,9163.87,1
1410,2020-07-22 00:00:00,1852.4,9392.66,1
1411,2020-07-23 00:00:00,1878.3,9537.4,1
1412,2020-07-24 00:00:00,1902.1,9613.11,1
1413,2020-07-25 00:00:00,1902.1,9551.28,0
1414,2020-07-26 00:00:00,1902.1,9707.5,0
1415,2020-07-27 00:00:00,1936.65,9938.83,1
1416,2020-07-28 00:00:00,1940.9,11042.4,1
1417,2020-07-29 00:00:00,1950.9,10934.94,1
1418,2020-07-30 00:00:00,1957.65,11102.67,1
1419,2020-07-31 00:00:00,1964.9,11114.93,1
1420,2020-08-01 00:00:00,1964.9,11343.88,0
1421,2020-08-02 00:00:00,1964.9,11823.69,0
1422,2020-08-03 00:00:00,1958.55,11077.77,1
1423,2020-08-04 00:00:00,1977.9,11242.57,1
1424,2020-08-05 00:00:00,2048.15,11194.25,1
1425,2020-08-06 00:00:00,2067.15,11750.28,1
1426,2020-08-07 00:00:00,2031.15,11772.94,1
1427,2020-08-08 00:00:00,2031.15,11605.6,0
1428,2020-08-09 00:00:00,2031.15,11767.6,0
1429,2020-08-10 00:00:00,2044.5,11684.06,1
1430,2020-08-11 00:00:00,1939.65,11893.03,1
1431,2020-08-12 00:00:00,1931.9,11392.43,1
1432,2020-08-13 00:00:00,1944.25,11573.11,1
1433,2020-08-14 00:00:00,1944.75,11777.43,1
1434,2020-08-15 00:00:00,1944.75,11774.38,0
1435,2020-08-16 00:00:00,1944.75,11873.98,0
1436,2020-08-17 00:00:00,1972.85,11914.01,1
1437,2020-08-18 00:00:00,2008.75,12293.72,1
1438,2020-08-19 00:00:00,1981,11969.53,1
1439,2020-08-20 00:00:00,1927.15,11734,1
1440,2020-08-21 00:00:00,1924.35,11865.82,1
1441,2020-08-22 00:00:00,1924.35,11522.8,0
1442,2020-08-23 00:00:00,1924.35,11683.44,0
1443,2020-08-24 00:00:00,1943.95,11653.02,1
1444,2020-08-25 00:00:00,1911.15,11763.93,1
1445,2020-08-26 00:00:00,1932.95,11337.4,1
1446,2020-08-27 00:00:00,1923.85,11467.37,1
1447,2020-08-28 00:00:00,1957.35,11302.01,1
1448,2020-08-29 00:00:00,1957.35,11534.75,0
1449,2020-08-30 00:00:00,1957.35,11481.64,0
1450,2020-08-31 00:00:00,1957.35,11707.78,0
1451,2020-09-01 00:00:00,1972.35,11659.57,1
1452,2020-09-02 00:00:00,1947.05,11923.25,1
1453,2020-09-03 00:00:00,1940.45,11397.44,1
1454,2020-09-04 00:00:00,1926.3,10187.51,1
1455,2020-09-05 00:00:00,1926.3,10467.89,0
1456,2020-09-06 00:00:00,1926.3,10159.62,0
1457,2020-09-07 00:00:00,1928.45,10254.93,1
1458,2020-09-08 00:00:00,1910.95,10367.74,1
1459,2020-09-09 00:00:00,1947.2,10121.52,1
1460,2020-09-10 00:00:00,1966.25,10227.83,1
1461,2020-09-11 00:00:00,1947.4,10352.66,1
1462,2020-09-12 00:00:00,1947.4,10395.44,0
1463,2020-09-13 00:00:00,1947.4,10446.44,0
1464,2020-09-14 00:00:00,1958.7,10330.77,1
1465,2020-09-15 00:00:00,1949.35,10674.64,1
1466,2020-09-16 00:00:00,1961.8,10785.62,1
1467,2020-09-17 00:00:00,1936.25,10948.43,1
1468,2020-09-18 00:00:00,1950.85,10943.89,1
1469,2020-09-19 00:00:00,1950.85,10931.79,0
1470,2020-09-20 00:00:00,1950.85,11081.43,0
1471,2020-09-21 00:00:00,1909.35,10919.65,1
1472,2020-09-22 00:00:00,1906,10430.46,1
1473,2020-09-23 00:00:00,1873.4,10532.22,1
1474,2020-09-24 00:00:00,1861.75,10234.48,1
1475,2020-09-25 00:00:00,1859.7,10732.43,1
1476,2020-09-26 00:00:00,1859.7,10692.84,0
1477,2020-09-27 00:00:00,1859.7,10732.4,0
1478,2020-09-28 00:00:00,1864.3,10774.24,1
1479,2020-09-29 00:00:00,1883.95,10692.33,1
1480,2020-09-30 00:00:00,1886.9,10840.8,1
1481,2020-10-01 00:00:00,1902,10777.92,1
1482,2020-10-02 00:00:00,1903.05,10619.24,1
1483,2020-10-03 00:00:00,1903.05,10575.06,0
1484,2020-10-04 00:00:00,1903.05,10551.77,0
1485,2020-10-05 00:00:00,1909.6,10673.46,1
1486,2020-10-06 00:00:00,1913.4,10788.56,1
1487,2020-10-07 00:00:00,1884.5,10603.74,1
1488,2020-10-08 00:00:00,1887.45,10670.8,1
1489,2020-10-09 00:00:00,1923.25,10923.3,1
1490,2020-10-10 00:00:00,1923.25,11063.19,0
1491,2020-10-11 00:00:00,1923.25,11302.67,0
1492,2020-10-12 00:00:00,1925.5,11376.61,1
1493,2020-10-13 00:00:00,1891.3,11540.04,1
1494,2020-10-14 00:00:00,1910.05,11428.24,1
1495,2020-10-15 00:00:00,1891.9,11431.32,1
1496,2020-10-16 00:00:00,1905.05,11503.73,1
1497,2020-10-17 00:00:00,1905.05,11327.57,0
1498,2020-10-18 00:00:00,1905.05,11366.51,0
1499,2020-10-19 00:00:00,1905.6,11508.2,1
1500,2020-10-20 00:00:00,1898.4,11758.16,1
1501,2020-10-21 00:00:00,1924.15,11925.46,1
1502,2020-10-22 00:00:00,1900.95,12831.56,1
1503,2020-10-23 00:00:00,1903.65,12990.25,1
1504,2020-10-24 00:00:00,1903.65,12944.52,0
1505,2020-10-25 00:00:00,1903.65,13128.46,0
1506,2020-10-26 00:00:00,1898.45,13036.77,1
1507,2020-10-27 00:00:00,1905.7,13076.37,1
1508,2020-10-28 00:00:00,1869.95,13651.47,1
1509,2020-10-29 00:00:00,1870.3,13289,1
1510,2020-10-30 00:00:00,1881.85,13458.66,1
1511,2020-10-31 00:00:00,1881.85,13564.72,0
1512,2020-11-01 00:00:00,1881.85,13810.32,0
1513,2020-11-02 00:00:00,1889.9,13758.88,1
1514,2020-11-03 00:00:00,1908.3,13575.17,1
1515,2020-11-04 00:00:00,1900.15,14023.31,1
1516,2020-11-05 00:00:00,1938.45,14155.59,1
1517,2020-11-06 00:00:00,1940.8,15591.39,1
1518,2020-11-07 00:00:00,1940.8,15595.77,0
1519,2020-11-08 00:00:00,1940.8,14839.84,0
1520,2020-11-09 00:00:00,1867.3,15490.6,1
1521,2020-11-10 00:00:00,1878.7,15328.53,1
1522,2020-11-11 00:00:00,1860.95,15317.04,1
1523,2020-11-12 00:00:00,1874.85,15708.65,1
1524,2020-11-13 00:00:00,1890.9,16295.57,1
1525,2020-11-14 00:00:00,1890.9,16339.33,0
1526,2020-11-15 00:00:00,1890.9,16091.07,0
1527,2020-11-16 00:00:00,1885.6,15968.16,1
1528,2020-11-17 00:00:00,1889.05,16725.15,1
1529,2020-11-18 00:00:00,1876.1,17679.72,1
1530,2020-11-19 00:00:00,1857.35,17798.45,1
1531,2020-11-20 00:00:00,1875.7,17820.57,1
1532,2020-11-21 00:00:00,1875.7,18687.45,0
1533,2020-11-22 00:00:00,1875.7,18699.75,0
1534,2020-11-23 00:00:00,1840.2,18422.28,1
1535,2020-11-24 00:00:00,1799.6,18398.91,1
1536,2020-11-25 00:00:00,1810.2,19172.52,1
1537,2020-11-26 00:00:00,1807.4,18739.8,1
1538,2020-11-27 00:00:00,1779.3,17151.44,1
1539,2020-11-28 00:00:00,1779.3,17138.87,0
1540,2020-11-29 00:00:00,1779.3,17732.42,0
1541,2020-11-30 00:00:00,1762.55,18191.6,1
1542,2020-12-01 00:00:00,1810.75,19709.73,1
1543,2020-12-02 00:00:00,1822.6,18792.52,1
1544,2020-12-03 00:00:00,1832.35,19226.97,1
1545,2020-12-04 00:00:00,1843,19454.54,1
1546,2020-12-05 00:00:00,1843,18670.49,0
1547,2020-12-06 00:00:00,1843,19155.06,0
1548,2020-12-07 00:00:00,1859.95,19377.66,1
1549,2020-12-08 00:00:00,1868.15,19181.41,1
1550,2020-12-09 00:00:00,1841.75,18318.87,1
1551,2020-12-10 00:00:00,1844.35,18554.15,1
1552,2020-12-11 00:00:00,1842,18247.76,1
1553,2020-12-12 00:00:00,1842,18029.36,0
1554,2020-12-13 00:00:00,1842,18803.44,0
1555,2020-12-14 00:00:00,1831.15,19164.48,1
1556,2020-12-15 00:00:00,1850.65,19276.59,1
1557,2020-12-16 00:00:00,1851.95,19439.75,1
1558,2020-12-17 00:00:00,1890.75,21379.48,1
1559,2020-12-18 00:00:00,1879.75,22847.46,1
1560,2020-12-19 00:00:00,1879.75,23150.79,0
1561,2020-12-20 00:00:00,1879.75,23869.92,0
1562,2020-12-21 00:00:00,1880,23490.58,1
1563,2020-12-22 00:00:00,1877.1,22745.48,1
1564,2020-12-23 00:00:00,1875,23824.99,1
1565,2020-12-24 00:00:00,1875,23253.37,0
1566,2020-12-25 00:00:00,1875,23715.53,0
1567,2020-12-26 00:00:00,1875,24693.58,0
1568,2020-12-27 00:00:00,1875,26443.21,0
1569,2020-12-28 00:00:00,1875,26246.58,0
1570,2020-12-29 00:00:00,1874.3,27036.69,1
1571,2020-12-30 00:00:00,1887.6,27376.37,1
1572,2020-12-31 00:00:00,1887.6,28856.59,0
1573,2021-01-01 00:00:00,1887.6,28982.56,0
1574,2021-01-02 00:00:00,1887.6,29393.75,0
1575,2021-01-03 00:00:00,1887.6,32195.46,0
1576,2021-01-04 00:00:00,1943.2,33000.78,1
1577,2021-01-05 00:00:00,1940.35,32035.03,1
1578,2021-01-06 00:00:00,1931.95,34046.67,1
1579,2021-01-07 00:00:00,1920.1,36860.41,1
1580,2021-01-08 00:00:00,1862.9,39486.04,1
1581,2021-01-09 00:00:00,1862.9,40670.25,0
1582,2021-01-10 00:00:00,1862.9,40240.72,0
1583,2021-01-11 00:00:00,1847.25,38240.09,1
1584,2021-01-12 00:00:00,1841.25,35544.94,1
1585,2021-01-13 00:00:00,1858.85,34011.82,1
1586,2021-01-14 00:00:00,1841.75,37393.13,1
1587,2021-01-15 00:00:00,1839,39158.47,1
1588,2021-01-16 00:00:00,1839,36828.52,0
1589,2021-01-17 00:00:00,1839,36065.2,0
1590,2021-01-18 00:00:00,1833.05,35793.01,1
1591,2021-01-19 00:00:00,1834.7,36632.35,1
1592,2021-01-20 00:00:00,1856.6,36020.13,1
1593,2021-01-21 00:00:00,1862.1,35538.98,1
1594,2021-01-22 00:00:00,1852.7,30797.88,1
1595,2021-01-23 00:00:00,1852.7,33002.38,0
1596,2021-01-24 00:00:00,1852.7,32099.74,0
1597,2021-01-25 00:00:00,1856.85,32276.84,1
1598,2021-01-26 00:00:00,1856.6,32243.26,1
1599,2021-01-27 00:00:00,1843,32541.8,1
1600,2021-01-28 00:00:00,1853.7,30419.17,1
1601,2021-01-29 00:00:00,1863.8,33403.17,1
1602,2021-01-30 00:00:00,1863.8,34314.26,0
1603,2021-01-31 00:00:00,1863.8,34318.1,0
1604,2021-02-01 00:00:00,1862.95,33136.46,1
1605,2021-02-02 00:00:00,1833.1,33522.9,1
1606,2021-02-03 00:00:00,1835.45,35529.66,1
1607,2021-02-04 00:00:00,1785.9,37676.25,1
1608,2021-02-05 00:00:00,1802.95,37002.09,1
1609,2021-02-06 00:00:00,1802.95,38278.61,0
1610,2021-02-07 00:00:00,1802.95,39323.26,0
1611,2021-02-08 00:00:00,1835.25,38928.1,1
1612,2021-02-09 00:00:00,1839.6,46364.3,1
1613,2021-02-10 00:00:00,1842.65,46589.58,1
1614,2021-02-11 00:00:00,1840.1,44878.17,1
1615,2021-02-12 00:00:00,1816.35,48013.38,1
1616,2021-02-13 00:00:00,1816.35,47471.4,0
1617,2021-02-14 00:00:00,1816.35,47185.19,0
1618,2021-02-15 00:00:00,1817.3,48720.37,1
1619,2021-02-16 00:00:00,1794.25,47951.85,1
1620,2021-02-17 00:00:00,1780.7,49160.1,1
1621,2021-02-18 00:00:00,1773.15,52118.23,1
1622,2021-02-19 00:00:00,1786.2,51608.15,1
1623,2021-02-20 00:00:00,1786.2,55916.5,0
1624,2021-02-21 00:00:00,1786.2,56001.2,0
1625,2021-02-22 00:00:00,1807.45,57487.86,1
1626,2021-02-23 00:00:00,1799.65,54123.4,1
1627,2021-02-24 00:00:00,1788,48880.43,1
1628,2021-02-25 00:00:00,1779.65,50624.84,1
1629,2021-02-26 00:00:00,1742.85,46800.42,1
1630,2021-02-27 00:00:00,1742.85,46340.31,0
1631,2021-02-28 00:00:00,1742.85,46155.87,0
1632,2021-03-01 00:00:00,1734.15,45113.92,1
1633,2021-03-02 00:00:00,1723.85,49618.43,1
1634,2021-03-03 00:00:00,1711.4,48356.04,1
1635,2021-03-04 00:00:00,1712.1,50477.7,1
1636,2021-03-05 00:00:00,1696.25,48448.91,1
1637,2021-03-06 00:00:00,1696.25,48861.38,0
1638,2021-03-07 00:00:00,1696.25,48881.59,0
1639,2021-03-08 00:00:00,1687.05,51169.7,1
1640,2021-03-09 00:00:00,1716.9,52299.33,1
1641,2021-03-10 00:00:00,1716.2,54881.52,1
1642,2021-03-11 00:00:00,1724.25,55997.23,1
1643,2021-03-12 00:00:00,1704.8,57764,1
1644,2021-03-13 00:00:00,1704.8,57253.28,0
1645,2021-03-14 00:00:00,1704.8,61258.73,0
1646,2021-03-15 00:00:00,1723.65,59133.47,1
1647,2021-03-16 00:00:00,1735,55754.72,1
1648,2021-03-17 00:00:00,1729.65,56872.38,1
1649,2021-03-18 00:00:00,1725.9,58913,1
1650,2021-03-19 00:00:00,1735.2,57665.9,1
1651,2021-03-20 00:00:00,1735.2,58075.1,0
1652,2021-03-21 00:00:00,1735.2,58085.8,0
1653,2021-03-22 00:00:00,1736.15,57411.17,1
1654,2021-03-23 00:00:00,1726.2,54204.96,1
1655,2021-03-24 00:00:00,1730.5,54477.46,1
1656,2021-03-25 00:00:00,1737.3,52508.23,1
1657,2021-03-26 00:00:00,1731.8,51415.92,1
1658,2021-03-27 00:00:00,1731.8,55074.47,0
1659,2021-03-28 00:00:00,1731.8,55863.93,0
1660,2021-03-29 00:00:00,1705.95,55783.71,1
1661,2021-03-30 00:00:00,1683.95,57627.67,1
1662,2021-03-31 00:00:00,1691.05,58730.13,1
1663,2021-04-01 00:00:00,1726.05,58735.25,1
1664,2021-04-02 00:00:00,1726.05,58736.92,0
1665,2021-04-03 00:00:00,1726.05,59031.32,0
1666,2021-04-04 00:00:00,1726.05,57076.49,0
1667,2021-04-05 00:00:00,1726.05,58206.55,0
1668,2021-04-06 00:00:00,1744.65,59054.1,1
1669,2021-04-07 00:00:00,1738.05,58020.46,1
1670,2021-04-08 00:00:00,1755.5,55947.27,1
1671,2021-04-09 00:00:00,1741.2,58048.59,1
1672,2021-04-10 00:00:00,1741.2,58102.58,0
1673,2021-04-11 00:00:00,1741.2,59774,0
1674,2021-04-12 00:00:00,1732.85,59964.87,1
1675,2021-04-13 00:00:00,1747.95,59834.74,1
1676,2021-04-14 00:00:00,1735.55,63554.44,1
1677,2021-04-15 00:00:00,1757.2,62969.12,1
1678,2021-04-16 00:00:00,1774.45,63252.63,1
1679,2021-04-17 00:00:00,1774.45,61455.98,0
1680,2021-04-18 00:00:00,1774.45,60087.09,0
1681,2021-04-19 00:00:00,1774.5,56251.48,1
1682,2021-04-20 00:00:00,1777.85,55703.14,1
1683,2021-04-21 00:00:00,1798.2,56507.91,1
1684,2021-04-22 00:00:00,1787.75,53808.8,1
1685,2021-04-23 00:00:00,1781.8,51731.71,1
1686,2021-04-24 00:00:00,1781.8,51153.13,0
1687,2021-04-25 00:00:00,1781.8,50110.53,0
1688,2021-04-26 00:00:00,1773.35,49075.58,1
1689,2021-04-27 00:00:00,1784.15,54056.64,1
1690,2021-04-28 00:00:00,1772.2,55071.46,1
1691,2021-04-29 00:00:00,1762.65,54884.1,1
1692,2021-04-30 00:00:00,1767.65,53584.15,1
1693,2021-05-01 00:00:00,1767.65,57796.62,0
1694,2021-05-02 00:00:00,1767.65,57857.5,0
1695,2021-05-03 00:00:00,1767.65,56610.46,0
1696,2021-05-04 00:00:00,1797.75,57213.33,1
1697,2021-05-05 00:00:00,1782.25,53241.72,1
1698,2021-05-06 00:00:00,1813.15,57473.23,1
1699,2021-05-07 00:00:00,1836.55,56428.16,1
1700,2021-05-08 00:00:00,1836.55,57380.27,0
1701,2021-05-09 00:00:00,1836.55,58928.81,0
1702,2021-05-10 00:00:00,1840.45,58280.73,1
1703,2021-05-11 00:00:00,1829.1,55883.5,1
1704,2021-05-12 00:00:00,1830.7,56750,1
1705,2021-05-13 00:00:00,1821.8,49007.09,1
1706,2021-05-14 00:00:00,1838.1,49702.27,1
1707,2021-05-15 00:00:00,1838.1,49922.52,0
1708,2021-05-16 00:00:00,1838.1,46736.58,0
1709,2021-05-17 00:00:00,1853.7,46441.64,1
1710,2021-05-18 00:00:00,1866.75,43596.24,1
1711,2021-05-19 00:00:00,1888.45,42912.19,1
1712,2021-05-20 00:00:00,1878.3,36964.27,1
1713,2021-05-21 00:00:00,1875.9,40784.32,1
1714,2021-05-22 00:00:00,1875.9,37280.35,0
1715,2021-05-23 00:00:00,1875.9,37528.3,0
1716,2021-05-24 00:00:00,1880.15,34754.54,1
1717,2021-05-25 00:00:00,1887,38728.59,1
1718,2021-05-26 00:00:00,1899.75,38410.5,1
1719,2021-05-27 00:00:00,1891.45,39266.04,1
1720,2021-05-28 00:00:00,1899.95,38445.29,1
1721,2021-05-29 00:00:00,1899.95,35689.62,0
1722,2021-05-30 00:00:00,1899.95,34647.67,0
1723,2021-05-31 00:00:00,1899.95,35684.59,0
1724,2021-06-01 00:00:00,1899.35,37310.54,1
1725,2021-06-02 00:00:00,1902.75,36662.64,1
1726,2021-06-03 00:00:00,1866.55,37585.24,1
1727,2021-06-04 00:00:00,1890.6,39188.59,1
1728,2021-06-05 00:00:00,1890.6,36885.51,0
1729,2021-06-06 00:00:00,1890.6,35530.38,0
1730,2021-06-07 00:00:00,1888.4,35816.17,1
1731,2021-06-08 00:00:00,1893.15,33514.87,1
1732,2021-06-09 00:00:00,1894.6,33450.19,1
1733,2021-06-10 00:00:00,1888.65,37338.36,1
1734,2021-06-11 00:00:00,1881.05,36704.57,1
1735,2021-06-12 00:00:00,1881.05,37313.18,0
1736,2021-06-13 00:00:00,1881.05,35494.9,0
1737,2021-06-14 00:00:00,1865.6,39066.82,1
1738,2021-06-15 00:00:00,1865.1,40525.8,1
1739,2021-06-16 00:00:00,1860.75,40188.56,1
1740,2021-06-17 00:00:00,1778.7,38324.87,1
1741,2021-06-18 00:00:00,1773.1,38068.04,1
1742,2021-06-19 00:00:00,1773.1,35729.82,0
1743,2021-06-20 00:00:00,1773.1,35524.17,0
1744,2021-06-21 00:00:00,1775.05,35592.35,1
1745,2021-06-22 00:00:00,1775.05,31686.55,1
1746,2021-06-23 00:00:00,1791.6,32447.59,1
1747,2021-06-24 00:00:00,1784.85,33674.66,1
1748,2021-06-25 00:00:00,1786.65,34639.38,1
1749,2021-06-26 00:00:00,1786.65,31640.58,0
1750,2021-06-27 00:00:00,1786.65,32160.91,0
1751,2021-06-28 00:00:00,1780.3,34644.45,1
1752,2021-06-29 00:00:00,1755.45,34456.67,1
1753,2021-06-30 00:00:00,1763.15,35847.7,1
1754,2021-07-01 00:00:00,1781.5,35047.36,1
1755,2021-07-02 00:00:00,1786.15,33536.88,1
1756,2021-07-03 00:00:00,1786.15,33856.86,0
1757,2021-07-04 00:00:00,1786.15,34688.98,0
1758,2021-07-05 00:00:00,1791.35,35309.3,1
1759,2021-07-06 00:00:00,1809.85,33747.97,1
1760,2021-07-07 00:00:00,1804.65,34211.01,1
1761,2021-07-08 00:00:00,1807.7,33839.04,1
1762,2021-07-09 00:00:00,1806,32877.41,1
1763,2021-07-10 00:00:00,1806,33818.52,0
1764,2021-07-11 00:00:00,1806,33515.57,0
1765,2021-07-12 00:00:00,1792.4,34227.64,1
1766,2021-07-13 00:00:00,1813.85,33158.25,1
1767,2021-07-14 00:00:00,1823.2,32686.56,1
1768,2021-07-15 00:00:00,1823.75,32814.61,1
1769,2021-07-16 00:00:00,1824.3,31738.59,1
1770,2021-07-17 00:00:00,1824.3,31421.25,0
1771,2021-07-18 00:00:00,1824.3,31520.66,0
1772,2021-07-19 00:00:00,1814.9,31783.49,1
1773,2021-07-20 00:00:00,1823.05,30815.94,1
1774,2021-07-21 00:00:00,1802.15,29790.24,1
1775,2021-07-22 00:00:00,1799.45,32118.06,1
1776,2021-07-23 00:00:00,1799.6,32297.89,1
1777,2021-07-24 00:00:00,1799.6,33581.63,0
1778,2021-07-25 00:00:00,1799.6,34279.34,0
1779,2021-07-26 00:00:00,1800.2,35365.2,1
1780,2021-07-27 00:00:00,1800.35,37318.14,1
1781,2021-07-28 00:00:00,1796.6,39405.95,1
1782,2021-07-29 00:00:00,1829.3,40002.53,1
1783,2021-07-30 00:00:00,1825.75,40005.93,1
1784,2021-07-31 00:00:00,1825.75,42214.15,0
1785,2021-08-01 00:00:00,1825.75,41659.06,0
1786,2021-08-02 00:00:00,1811.45,40000.46,1
1787,2021-08-03 00:00:00,1812.65,39193.94,1
1788,2021-08-04 00:00:00,1829.1,38138,1
1789,2021-08-05 00:00:00,1800.75,39750.14,1
1790,2021-08-06 00:00:00,1762.9,40882,1
1791,2021-08-07 00:00:00,1762.9,42825.95,0
1792,2021-08-08 00:00:00,1762.9,44634.13,0
1793,2021-08-09 00:00:00,1738.85,43816.14,1
1794,2021-08-10 00:00:00,1723.35,46333.46,1
1795,2021-08-11 00:00:00,1743.6,45608.37,1
1796,2021-08-12 00:00:00,1747.4,45611.46,1
1797,2021-08-13 00:00:00,1773.85,44417.78,1
1798,2021-08-14 00:00:00,1773.85,47833.98,0
1799,2021-08-15 00:00:00,1773.85,47112.19,0
1800,2021-08-16 00:00:00,1786.35,47056.41,1
1801,2021-08-17 00:00:00,1789.45,45982.55,1
1802,2021-08-18 00:00:00,1783.45,44648.57,1
1803,2021-08-19 00:00:00,1782.05,44777.86,1
1804,2021-08-20 00:00:00,1779.05,46734.65,1
1805,2021-08-21 00:00:00,1779.05,49327.75,0
1806,2021-08-22 00:00:00,1779.05,48932.02,0
1807,2021-08-23 00:00:00,1802,49335.68,1
1808,2021-08-24 00:00:00,1808.45,49523.5,1
1809,2021-08-25 00:00:00,1788.7,47744.58,1
1810,2021-08-26 00:00:00,1786.6,48972.09,1
1811,2021-08-27 00:00:00,1798.5,46962.8,1
1812,2021-08-28 00:00:00,1798.5,49056.86,0
1813,2021-08-29 00:00:00,1798.5,48897.65,0
1814,2021-08-30 00:00:00,1798.5,48806.78,0
1815,2021-08-31 00:00:00,1814.85,47074.77,1
1816,2021-09-01 00:00:00,1811.8,47155.87,1
1817,2021-09-02 00:00:00,1812.55,48862.76,1
1818,2021-09-03 00:00:00,1823.7,49329.01,1
1819,2021-09-04 00:00:00,1823.7,50035.33,0
1820,2021-09-05 00:00:00,1823.7,49947.38,0
1821,2021-09-06 00:00:00,1821.6,51769.06,1
1822,2021-09-07 00:00:00,1802.15,52677.4,1
1823,2021-09-08 00:00:00,1786,46809.17,1
1824,2021-09-09 00:00:00,1788.25,46078.38,1
1825,2021-09-10 00:00:00,1794.6,46368.69,1
